STATENAME,COUNTYNAME,ADDRESS_CITY,actual,cleared
ALABAMA,BLOUNT,BLOUNTSVILLE,153,10
ALABAMA,BLOUNT,CLEVELAND,8,0
ALABAMA,BLOUNT,ONEONTA,3000,561
ALABAMA,BLOUNT,SNEAD,149,26
ALABAMA,BUTLER,GEORGIANA,129,24
ALABAMA,BUTLER,GREENVILLE,1218,505
ALABAMA,BUTLER,MCKENZIE,2,0
ALABAMA,CHILTON,CLANTON,2638,602
ALABAMA,CHILTON,JEMISON,212,36
ALABAMA,CHILTON,MAPLESVILLE,65,4
ALABAMA,CHILTON,THORSBY,31,6
ALABAMA,COVINGTON,ANDALUSIA,1464,690
ALABAMA,COVINGTON,FLORALA,48,8
ALABAMA,COVINGTON,GANTT,14,4
ALABAMA,COVINGTON,LOCKHART,21,8
ALABAMA,COVINGTON,OPP,319,162
ALABAMA,COVINGTON,RED LEVEL,4,2
ALABAMA,COVINGTON,RIVER FALLS,2,0
ALABAMA,CRENSHAW,BRANTLEY,20,2
ALABAMA,CRENSHAW,DOZIER,0,0
ALABAMA,CRENSHAW,LUVERNE,346,48
ALABAMA,ETOWAH,ALTOONA,0,0
ALABAMA,ETOWAH,ATTALLA,283,24
ALABAMA,ETOWAH,GADSDEN,7213,730
ALABAMA,ETOWAH,GLENCOE,194,2
ALABAMA,ETOWAH,HOKES BLUFF,114,50
ALABAMA,ETOWAH,RAINBOW CITY,460,168
ALABAMA,ETOWAH,SARDIS CITY,109,33
ALABAMA,ETOWAH,SOUTHSIDE,258,24
ALABAMA,ETOWAH,WALNUT GROVE,0,0
ALABAMA,HENRY,ABBEVILLE,326,72
ALABAMA,HENRY,HEADLAND,213,32
ALABAMA,HENRY,NEWVILLE,2,0
ALABAMA,JEFFERSON,ADAMSVILLE,541,300
ALABAMA,JEFFERSON,BESSEMER,6357,77
ALABAMA,JEFFERSON,BIRMINGHAM,39458,4988
ALABAMA,JEFFERSON,BRIGHTON,38,0
ALABAMA,JEFFERSON,BROOKSIDE,10,0
ALABAMA,JEFFERSON,FAIRFIELD,1138,91
ALABAMA,JEFFERSON,FULTONDALE,930,189
ALABAMA,JEFFERSON,GARDENDALE,1081,442
ALABAMA,JEFFERSON,HOMEWOOD,2119,186
ALABAMA,JEFFERSON,HOOVER,2534,525
ALABAMA,JEFFERSON,HUEYTOWN,1224,283
ALABAMA,JEFFERSON,IRONDALE,818,523
ALABAMA,JEFFERSON,KIMBERLY,50,8
ALABAMA,JEFFERSON,LEEDS,1276,237
ALABAMA,JEFFERSON,LIPSCOMB,82,24
ALABAMA,JEFFERSON,MCCALLA,0,0
ALABAMA,JEFFERSON,MIDFIELD,724,64
ALABAMA,JEFFERSON,MORRIS,48,2
ALABAMA,JEFFERSON,MOUNTAIN BROOK,607,187
ALABAMA,JEFFERSON,PLEASANT GROVE,453,20
ALABAMA,JEFFERSON,TARRANT,1001,308
ALABAMA,JEFFERSON,TRAFFORD,18,0
ALABAMA,JEFFERSON,TRUSSVILLE,6,0
ALABAMA,JEFFERSON,VESTAVIA HILLS,844,640
ALABAMA,JEFFERSON,WARRIOR,140,39
ALABAMA,LAWRENCE,COURTLAND,2,0
ALABAMA,LAWRENCE,HILLSBORO,0,0
ALABAMA,LAWRENCE,MOULTON,920,164
ALABAMA,LAWRENCE,TOWN CREEK,55,25
ALABAMA,MACON,NOTASULGA,66,24
ALABAMA,MACON,SHORTER,0,0
ALABAMA,MACON,TUSKEGEE,1161,40
ALABAMA,MACON,TUSKEGEE INSTITUTE,178,0
ALABAMA,RANDOLPH,ROANOKE,430,92
ALABAMA,RANDOLPH,WADLEY,10,0
ALABAMA,RANDOLPH,WEDOWEE,502,78
ALABAMA,SUMTER,CUBA,2,0
ALABAMA,SUMTER,LIVINGSTON,221,26
ALABAMA,SUMTER,YORK,34,0
ALASKA,WRANGELL CITY AND BOROUGH,WRANGELL,42,12
ARIZONA,MARICOPA,AVONDALE,6998,1023
ARIZONA,MARICOPA,BUCKEYE,2122,550
ARIZONA,MARICOPA,CHANDLER,13441,3035
ARIZONA,MARICOPA,EL MIRAGE,2261,319
ARIZONA,MARICOPA,FORT MCDOWELL,78,10
ARIZONA,MARICOPA,GILBERT,7238,1632
ARIZONA,MARICOPA,GLENDALE,28062,5256
ARIZONA,MARICOPA,GOODYEAR,4746,740
ARIZONA,MARICOPA,MESA,26560,8542
ARIZONA,MARICOPA,PARADISE VALLEY,482,98
ARIZONA,MARICOPA,PEORIA,8130,1700
ARIZONA,MARICOPA,PHOENIX,151976,23837
ARIZONA,MARICOPA,SCOTTSDALE,14141,4137
ARIZONA,MARICOPA,SURPRISE,5253,1126
ARIZONA,MARICOPA,TEMPE,20027,2971
ARIZONA,MARICOPA,TOLLESON,108,24
ARIZONA,MARICOPA,WICKENBURG,435,85
ARIZONA,PIMA,MARANA,2172,596
ARIZONA,PIMA,ORO VALLEY,1365,372
ARIZONA,PIMA,SAHUARITA,799,94
ARIZONA,PIMA,SELLS,726,164
ARIZONA,PIMA,SOUTH TUCSON,284,104
ARIZONA,PIMA,TUCSON,92480,12975
ARIZONA,SANTA CRUZ,NOGALES,1524,552
ARIZONA,SANTA CRUZ,PATAGONIA,12,10
ARKANSAS,BRADLEY,WARREN,414,76
ARKANSAS,CALHOUN,HAMPTON,161,34
ARKANSAS,CARROLL,BERRYVILLE,616,162
ARKANSAS,CARROLL,EUREKA SPRINGS,338,34
ARKANSAS,CARROLL,GREEN FOREST,140,30
ARKANSAS,CLAY,CORNING,109,54
ARKANSAS,CLAY,PIGGOTT,300,34
ARKANSAS,CRAWFORD,ALMA,726,108
ARKANSAS,CRAWFORD,DYER,40,6
ARKANSAS,CRAWFORD,MULBERRY,152,24
ARKANSAS,CRAWFORD,VAN BUREN,3093,802
ARKANSAS,LINCOLN,STAR CITY,356,44
ARKANSAS,LONOKE,AUSTIN,120,26
ARKANSAS,LONOKE,CABOT,1182,406
ARKANSAS,LONOKE,CARLISLE,160,34
ARKANSAS,LONOKE,ENGLAND,264,78
ARKANSAS,LONOKE,LONOKE,1379,224
ARKANSAS,LONOKE,WARD,348,90
ARKANSAS,MISSISSIPPI,BLYTHEVILLE,2162,398
ARKANSAS,MISSISSIPPI,DELL,0,0
ARKANSAS,MISSISSIPPI,ETOWAH,20,4
ARKANSAS,MISSISSIPPI,GOSNELL,126,52
ARKANSAS,MISSISSIPPI,KEISER,10,2
ARKANSAS,MISSISSIPPI,LEACHVILLE,66,12
ARKANSAS,MISSISSIPPI,LUXORA,713,82
ARKANSAS,MISSISSIPPI,OSCEOLA,1306,515
ARKANSAS,MONROE,BRINKLEY,334,42
ARKANSAS,MONROE,CLARENDON,132,8
ARKANSAS,UNION,EL DORADO,3161,630
CALIFORNIA,COLUSA,COLUSA,652,70
CALIFORNIA,COLUSA,OAKLAND,0,0
CALIFORNIA,COLUSA,WILLIAMS,154,38
CALIFORNIA,CONTRA COSTA,ANTIOCH,8956,1456
CALIFORNIA,CONTRA COSTA,BRENTWOOD,2836,424
CALIFORNIA,CONTRA COSTA,CLAYTON,302,45
CALIFORNIA,CONTRA COSTA,CONCORD,9585,1409
CALIFORNIA,CONTRA COSTA,EL CERRITO,2405,288
CALIFORNIA,CONTRA COSTA,HERCULES,890,66
CALIFORNIA,CONTRA COSTA,KENSINGTON,118,8
CALIFORNIA,CONTRA COSTA,LAFAYETTE,818,64
CALIFORNIA,CONTRA COSTA,MARTINEZ,7341,688
CALIFORNIA,CONTRA COSTA,MORAGA,306,40
CALIFORNIA,CONTRA COSTA,OAKLAND,1709,58
CALIFORNIA,CONTRA COSTA,PINOLE,1912,466
CALIFORNIA,CONTRA COSTA,PITTSBURG,4532,529
CALIFORNIA,CONTRA COSTA,PLEASANT HILL,3182,596
CALIFORNIA,CONTRA COSTA,RICHMOND,9641,167
CALIFORNIA,CONTRA COSTA,SAN PABLO,2865,250
CALIFORNIA,CONTRA COSTA,WALNUT CREEK,4400,529
CALIFORNIA,DEL NORTE,CRESCENT CITY,1347,440
CALIFORNIA,DEL NORTE,KLAMATH,26,16
CALIFORNIA,LAKE,CLEARLAKE,1662,382
CALIFORNIA,LAKE,KELSEYVILLE,464,26
CALIFORNIA,LAKE,LAKEPORT,2145,190
CALIFORNIA,MARIN,BELVEDERE,44,0
CALIFORNIA,MARIN,CORTE MADERA,150,0
CALIFORNIA,MARIN,FAIRFAX,304,52
CALIFORNIA,MARIN,KENTFIELD,36,0
CALIFORNIA,MARIN,MILL VALLEY,465,30
CALIFORNIA,MARIN,NOVATO,2244,323
CALIFORNIA,MARIN,ROSS,52,4
CALIFORNIA,MARIN,SAN RAFAEL,5563,928
CALIFORNIA,MARIN,SAUSALITO,503,18
CALIFORNIA,MARIN,TIBURON,174,18
CALIFORNIA,MERCED,ATWATER,3340,736
CALIFORNIA,MERCED,DOS PALOS,439,74
CALIFORNIA,MERCED,GUSTINE,307,89
CALIFORNIA,MERCED,LIVINGSTON,867,182
CALIFORNIA,MERCED,LOS BANOS,2568,581
CALIFORNIA,MERCED,MERCED,10888,1543
CALIFORNIA,MONO,BRIDGEPORT,138,44
CALIFORNIA,MONO,MAMMOTH LAKES,260,24
CALIFORNIA,SAN MATEO,ATHERTON,214,22
CALIFORNIA,SAN MATEO,BELMONT,822,73
CALIFORNIA,SAN MATEO,BRISBANE,224,52
CALIFORNIA,SAN MATEO,BURLINGAME,2229,190
CALIFORNIA,SAN MATEO,COLMA,648,240
CALIFORNIA,SAN MATEO,DALY CITY,3951,999
CALIFORNIA,SAN MATEO,EAST PALO ALTO,1291,271
CALIFORNIA,SAN MATEO,FOSTER CITY,752,126
CALIFORNIA,SAN MATEO,HALF MOON BAY,0,0
CALIFORNIA,SAN MATEO,HILLSBOROUGH,260,8
CALIFORNIA,SAN MATEO,MENLO PARK,1311,227
CALIFORNIA,SAN MATEO,OAKLAND,320,22
CALIFORNIA,SAN MATEO,PACIFICA,1117,158
CALIFORNIA,SAN MATEO,REDWOOD CITY,9656,1985
CALIFORNIA,SAN MATEO,SAN BRUNO,2431,626
CALIFORNIA,SAN MATEO,SAN FRANCISCO,3136,520
CALIFORNIA,SAN MATEO,SAN MATEO,4770,736
CALIFORNIA,SIERRA,DOWNIEVILLE,81,20
CALIFORNIA,SIERRA,GRASS VALLEY,0,0
CALIFORNIA,TRINITY,WEAVERVILLE,730,598
CALIFORNIA,TUOLUMNE,JAMESTOWN,330,34
CALIFORNIA,TUOLUMNE,SONORA,2600,731
CALIFORNIA,VENTURA,CALABSAS,24,2
CALIFORNIA,VENTURA,CAMARILLO,152,54
CALIFORNIA,VENTURA,LEBEC,0,0
CALIFORNIA,VENTURA,OAKLAND,4,0
CALIFORNIA,VENTURA,OXNARD,14082,1679
CALIFORNIA,VENTURA,PORT HUENEME,930,138
CALIFORNIA,VENTURA,SANTA PAULA,849,264
CALIFORNIA,VENTURA,SIMI VALLEY,3490,674
CALIFORNIA,VENTURA,VENTURA,16962,3397
COLORADO,ALAMOSA,ALAMOSA,298,30
COLORADO,CLEAR CREEK,GEORGETOWN,190,52
COLORADO,CLEAR CREEK,IDAHO SPRINGS,219,59
COLORADO,COSTILLA,SAN LUIS,0,0
COLORADO,CUSTER,WESTCLIFFE,217,58
COLORADO,DELTA,CEDAREDGE,0,0
COLORADO,DELTA,DELTA,1016,188
COLORADO,DELTA,HOTCHKISS,36,8
COLORADO,DELTA,PAONIA,0,0
COLORADO,ELBERT,ELIZABETH,0,0
COLORADO,ELBERT,KIOWA,14,14
COLORADO,ELBERT,SIMLA,8,4
COLORADO,GILPIN,BLACK HAWK,414,138
COLORADO,GILPIN,GOLDEN,103,22
COLORADO,HINSDALE,LAKE CITY,20,8
COLORADO,LAS ANIMAS,TRINIDAD,1055,227
COLORADO,MOFFAT,CRAIG,613,190
COLORADO,MONTEZUMA,CORTEZ,837,287
COLORADO,MONTEZUMA,MANCOS,39,0
COLORADO,MONTEZUMA,TOWAOC,50,7
CONNECTICUT,HARTFORD,AVON,266,30
CONNECTICUT,HARTFORD,BLOOMFIELD,1148,307
CONNECTICUT,HARTFORD,BRISTOL,2026,552
CONNECTICUT,HARTFORD,CANTON,242,72
CONNECTICUT,HARTFORD,EAST HARTFORD,2928,539
CONNECTICUT,HARTFORD,EAST WINDSOR,429,100
CONNECTICUT,HARTFORD,ENFIELD,1730,378
CONNECTICUT,HARTFORD,FARMINGTON,34,4
CONNECTICUT,HARTFORD,GLASTONBURY,884,264
CONNECTICUT,HARTFORD,GRANBY,158,22
CONNECTICUT,HARTFORD,HARTFORD,13226,2510
CONNECTICUT,HARTFORD,KENSINGTON,690,152
CONNECTICUT,HARTFORD,MANCHESTER,3337,1077
CONNECTICUT,HARTFORD,NEW BRITAIN,4732,890
CONNECTICUT,HARTFORD,NEWINGTON,1625,498
CONNECTICUT,HARTFORD,PLAINVILLE,1044,322
CONNECTICUT,HARTFORD,ROCKY HILL,599,119
CONNECTICUT,HARTFORD,SIMSBURY,350,47
CONNECTICUT,HARTFORD,SOUTH WINDSOR,826,220
CONNECTICUT,HARTFORD,SOUTHINGTON,1982,333
CONNECTICUT,HARTFORD,SUFFIELD,211,29
CONNECTICUT,HARTFORD,UNIONVILLE,1342,520
CONNECTICUT,HARTFORD,WEST HARTFORD,3264,767
CONNECTICUT,HARTFORD,WETHERSFIELD,474,162
CONNECTICUT,HARTFORD,WINDSOR,1146,146
CONNECTICUT,HARTFORD,WINDSOR LOCKS,410,62
FLORIDA,DUVAL,ATLANTIC BEACH,782,176
FLORIDA,DUVAL,JACKSONVILLE,75442,13198
FLORIDA,DUVAL,JACKSONVILLE BEACH,2693,445
FLORIDA,DUVAL,NEPTUNE BEACH,382,96
FLORIDA,DUVAL,TALLAHASSEE,0,0
FLORIDA,FLAGLER,BUNNELL,4003,930
FLORIDA,FLAGLER,FLAGLER BEACH,209,35
FLORIDA,FLAGLER,ORLANDO,0,0
FLORIDA,GLADES,BRADENTON,0,0
FLORIDA,GLADES,MOORE HAVEN,314,74
FLORIDA,GULF,PANAMA CITY,0,0
FLORIDA,GULF,PORT SAINT JOE,402,109
FLORIDA,GULF,PORT ST JOE,0,0
FLORIDA,GULF,PORT ST. JOE,138,68
FLORIDA,HILLSBOROUGH,PLANT CITY,2823,874
FLORIDA,HILLSBOROUGH,TALLAHASSEE,0,0
FLORIDA,HILLSBOROUGH,TAMPA,51923,16980
FLORIDA,HILLSBOROUGH,TEMPLE TERRACE,1712,822
FLORIDA,LIBERTY,BRISTOL,18,4
FLORIDA,LIBERTY,TALLAHASSEE,0,0
FLORIDA,OKEECHOBEE,LAKE WORTH,6,2
FLORIDA,OKEECHOBEE,OKEECHOBEE,2850,714
FLORIDA,PASCO,DADE CITY,700,202
FLORIDA,PASCO,NEW PORT RICHEY,21533,6738
FLORIDA,PASCO,PORT RICHEY,353,168
FLORIDA,PASCO,TAMPA,16,4
FLORIDA,PASCO,ZEPHYRHILLS,1865,908
FLORIDA,WAKULLA,CRAWFORDVILLE,1114,306
FLORIDA,WAKULLA,TALLAHASSEE,0,0
GEORGIA,BARTOW,ADAIRSVILLE,300,136
GEORGIA,BARTOW,CARTERSVILLE,7005,1346
GEORGIA,BARTOW,EMERSON,206,20
GEORGIA,BARTOW,EUHARLEE,125,34
GEORGIA,BARTOW,KINGSTON,2,0
GEORGIA,BARTOW,WHITE,0,0
GEORGIA,BERRIEN,ALAPAHA,16,8
GEORGIA,BERRIEN,ENIGMA,18,2
GEORGIA,BERRIEN,NASHVILLE,1001,308
GEORGIA,BERRIEN,RAY CITY,8,0
GEORGIA,BRANTLEY,HOBOKEN,4,0
GEORGIA,BRANTLEY,NAHUNTA,1044,154
GEORGIA,CAMDEN,KINGSLAND,848,0
GEORGIA,CAMDEN,ST MARYS,0,0
GEORGIA,CAMDEN,WOODBINE,564,18
GEORGIA,CHATTOOGA,SUMMERVILLE,826,108
GEORGIA,CHATTOOGA,TRION,50,8
GEORGIA,CLINCH,HOMERVILLE,479,182
GEORGIA,COLUMBIA,APPLING,4038,830
GEORGIA,COLUMBIA,GROVETOWN,382,112
GEORGIA,COLUMBIA,HARLEM,56,8
GEORGIA,CRAWFORD,ROBERTA,550,158
GEORGIA,CRISP,CORDELE,1864,1206
GEORGIA,DODGE,EASTMAN,1702,108
GEORGIA,DOOLY,PINEHURST,175,21
GEORGIA,DOOLY,VIENNA,218,196
GEORGIA,GRADY,CAIRO,1000,368
GEORGIA,GRADY,WHIGHAM,0,0
GEORGIA,HART,HARTWELL,1584,320
GEORGIA,HENRY,HAMPTON,280,78
GEORGIA,HENRY,LOCUST GROVE,802,254
GEORGIA,HENRY,MCDONOUGH,10738,2212
GEORGIA,JEFFERSON,BARTOW,0,0
GEORGIA,JEFFERSON,LOUISVILLE,520,34
GEORGIA,JEFFERSON,STAPLETON,0,0
GEORGIA,JEFFERSON,WADLEY,118,10
GEORGIA,JEFFERSON,WRENS,242,52
GEORGIA,LAURENS,DUBLIN,3283,638
GEORGIA,LAURENS,EAST DUBLIN,0,0
GEORGIA,LINCOLN,LINCOLNTON,464,194
GEORGIA,LUMPKIN,DAHLONEGA,949,43
GEORGIA,MCINTOSH,DARIEN,721,154
GEORGIA,MURRAY,CHATSWORTH,2476,518
GEORGIA,MURRAY,ETON,34,16
GEORGIA,OGLETHORPE,LEXINGTON,678,172
GEORGIA,PEACH,BYRON,260,104
GEORGIA,PEACH,FORT VALLEY,1416,572
GEORGIA,PEACH,FT. VALLEY,56,6
GEORGIA,PICKENS,JASPER,1218,268
GEORGIA,PICKENS,NELSON,0,0
GEORGIA,RABUN,CLAYTON,718,220
GEORGIA,RABUN,DILLARD,8,0
GEORGIA,RABUN,MOUNTAIN CITY,2,0
GEORGIA,SCREVEN,HILTONIA,0,0
GEORGIA,SCREVEN,NEWINGTON,0,0
GEORGIA,SCREVEN,OLIVER,0,0
GEORGIA,SCREVEN,SYLVANIA,561,31
GEORGIA,TALIAFERRO,CRAWFORDVILLE,64,12
GEORGIA,TROUP,HOGANSVILLE,294,46
GEORGIA,TROUP,LAGRANGE,4999,1200
GEORGIA,TROUP,WEST POINT,536,294
GEORGIA,TWIGGS,JEFFERSONVILLE,323,132
GEORGIA,WALTON,LOGANVILLE,748,204
GEORGIA,WALTON,MONROE,3651,536
GEORGIA,WALTON,SOCIAL CIRCLE,193,48
GEORGIA,WEBSTER,PRESTON,16,0
GEORGIA,WILCOX,ABBEVILLE,204,38
GEORGIA,WILCOX,PINEVIEW,0,0
GEORGIA,WILCOX,ROCHELLE,114,18
IDAHO,BANNOCK,CHUBBUCK,1165,487
IDAHO,BANNOCK,POCATELLO,3762,1148
IDAHO,BLAINE,BELLEVUE,46,28
IDAHO,BLAINE,HAILEY,221,101
IDAHO,BLAINE,KETCHUM,98,46
IDAHO,BLAINE,SUN VALLEY,10,2
IDAHO,JEROME,JEROME,819,257
IDAHO,KOOTENAI,COEUR D ALENE,2565,680
IDAHO,KOOTENAI,COUER D'ALENE,3200,1006
IDAHO,KOOTENAI,POST FALLS,1663,641
IDAHO,KOOTENAI,RATHDRUM,400,88
IDAHO,KOOTENAI,SPIRIT LAKE,52,6
IDAHO,MADISON,REXBURG,597,303
IDAHO,NEZ PERCE,LAPWAI,102,14
IDAHO,NEZ PERCE,LEWISTON,2986,542
ILLINOIS,BOND,GREENVILLE,374,0
ILLINOIS,BOND,PIERRON,0,0
ILLINOIS,BOND,SORENTO,0,0
ILLINOIS,CASS,ASHLAND,10,0
ILLINOIS,CASS,BEARDSTOWN,488,0
ILLINOIS,CASS,VIRGINIA,20,0
ILLINOIS,CLARK,CASEY,0,0
ILLINOIS,CLARK,MARSHALL,169,0
ILLINOIS,CLARK,MARTINSVILLE,30,0
ILLINOIS,CUMBERLAND,GREENUP,66,0
ILLINOIS,CUMBERLAND,NEOGA,32,0
ILLINOIS,CUMBERLAND,TOLEDO,50,0
ILLINOIS,GREENE,CARROLLTON,158,0
ILLINOIS,GREENE,GREENFIELD,36,0
ILLINOIS,GREENE,ROODHOUSE,40,0
ILLINOIS,GREENE,WHITE HALL,76,0
ILLINOIS,GRUNDY,COAL CITY,154,0
ILLINOIS,GRUNDY,MAZON,0,0
ILLINOIS,GRUNDY,MINOOKA,20,0
ILLINOIS,GRUNDY,MORRIS,963,0
ILLINOIS,HAMILTON,MC LEANSBORO,67,0
ILLINOIS,HAMILTON,MCLEANSBORO,0,0
ILLINOIS,HENRY,ANNAWAN,20,0
ILLINOIS,HENRY,ATKINSON,0,0
ILLINOIS,HENRY,CAMBRIDGE,140,0
ILLINOIS,HENRY,COLONA,134,0
ILLINOIS,HENRY,GALVA,0,0
ILLINOIS,HENRY,GENESEO,182,0
ILLINOIS,HENRY,KEWANEE,930,0
ILLINOIS,HENRY,ORION,12,0
ILLINOIS,HENRY,WOODHULL,0,0
ILLINOIS,MASSAC,BROOKPORT,16,0
ILLINOIS,MASSAC,METROPOLIS,690,0
ILLINOIS,MONROE,COLUMBIA,160,0
ILLINOIS,MONROE,VALMEYER,18,0
ILLINOIS,MONROE,WATERLOO,164,0
ILLINOIS,RANDOLPH,CHESTER,198,0
ILLINOIS,RANDOLPH,COULTERVILLE,0,0
ILLINOIS,RANDOLPH,PRAIRIE DU ROCHER,0,0
ILLINOIS,RANDOLPH,RED BUD,30,0
ILLINOIS,RANDOLPH,RUMA,2,0
ILLINOIS,RANDOLPH,SPARTA,26,0
ILLINOIS,RANDOLPH,TILDEN,0,0
ILLINOIS,RICHLAND,OLNEY,829,0
ILLINOIS,SALINE,CARRIER MILLS,0,0
ILLINOIS,SALINE,ELDORADO,306,0
ILLINOIS,SALINE,HARRISBURG,812,0
ILLINOIS,SALINE,RALEIGH,6,0
ILLINOIS,SCHUYLER,RUSHVILLE,84,0
ILLINOIS,TAZEWELL,ARMINGTON,0,0
ILLINOIS,TAZEWELL,CREVE COEUR,398,0
ILLINOIS,TAZEWELL,DEER CREEK,14,0
ILLINOIS,TAZEWELL,DELAVAN,98,0
ILLINOIS,TAZEWELL,EAST PEORIA,1523,0
ILLINOIS,TAZEWELL,GREEN VALLEY,0,0
ILLINOIS,TAZEWELL,HOPEDALE,22,0
ILLINOIS,TAZEWELL,MACKINAW,0,0
ILLINOIS,TAZEWELL,MARQUETTE HEIGHTS,34,0
ILLINOIS,TAZEWELL,MINIER,46,0
ILLINOIS,TAZEWELL,MORTON,320,0
ILLINOIS,TAZEWELL,NORTH PEKIN,0,0
ILLINOIS,TAZEWELL,PEKIN,2039,0
ILLINOIS,TAZEWELL,PEORIA,2,0
ILLINOIS,TAZEWELL,SOUTH PEKIN,32,0
ILLINOIS,TAZEWELL,TREMONT,0,0
ILLINOIS,TAZEWELL,WASHINGTON,384,0
ILLINOIS,WARREN,ALEXIS,24,0
ILLINOIS,WARREN,MONMOUTH,613,0
INDIANA,ADAMS,BERNE,32,0
INDIANA,ADAMS,DECATUR,354,54
INDIANA,ADAMS,INDIANAPOLIS,4,2
INDIANA,BENTON,FOWLER,0,0
INDIANA,BENTON,INDIANAPOLIS,8,0
INDIANA,DUBOIS,HUNTINGBURG,258,50
INDIANA,DUBOIS,INDIANAPOLIS,60,4
INDIANA,DUBOIS,JASPER,432,226
INDIANA,GIBSON,INDIANAPOLIS,36,8
INDIANA,GIBSON,OAKLAND CITY,0,0
INDIANA,GIBSON,PRINCETON,327,61
INDIANA,GREENE,BLOOMFIELD,455,2
INDIANA,GREENE,INDIANAPOLIS,48,8
INDIANA,GREENE,JASONVILLE,0,0
INDIANA,GREENE,LINTON,401,86
INDIANA,HAMILTON,CARMEL,1657,254
INDIANA,HAMILTON,FISHERS,1932,364
INDIANA,HAMILTON,INDIANAPOLIS,16,0
INDIANA,HAMILTON,NOBLESVILLE,0,0
INDIANA,HAMILTON,WESTFIELD,870,352
INDIANA,HARRISON,CORYDON,0,0
INDIANA,HARRISON,INDIANAPOLIS,40,10
INDIANA,HENDRICKS,AVON,1486,674
INDIANA,HENDRICKS,BROWNSBURG,753,188
INDIANA,HENDRICKS,DANVILLE,444,84
INDIANA,HENDRICKS,INDIANAPOLIS,26,4
INDIANA,HENDRICKS,PLAINFIELD,2014,786
INDIANA,JAY,DUNKIRK,0,0
INDIANA,JAY,INDIANAPOLIS,12,0
INDIANA,JAY,PORTLAND,310,86
INDIANA,JENNINGS,INDIANAPOLIS,42,18
INDIANA,JENNINGS,NORTH VERNON,1144,486
INDIANA,JOHNSON,BARGERSVILLE,338,12
INDIANA,JOHNSON,EDINBURGH,1100,184
INDIANA,JOHNSON,FRANKLIN,3502,618
INDIANA,JOHNSON,GREENWOOD,4371,1294
INDIANA,JOHNSON,INDIANAPOLIS,22,0
INDIANA,JOHNSON,NEW WHITELAND,142,18
INDIANA,JOHNSON,NINEVEH,0,0
INDIANA,MONROE,BLOOMINGTON,8411,1603
INDIANA,MONROE,ELLETTSVILLE,244,58
INDIANA,MONROE,INDIANAPOLIS,96,14
INDIANA,ORANGE,INDIANAPOLIS,50,12
INDIANA,ORANGE,PAOLI,0,0
INDIANA,RANDOLPH,INDIANAPOLIS,0,2
INDIANA,RANDOLPH,LYNN,0,0
INDIANA,RANDOLPH,UNION CITY,92,68
INDIANA,RANDOLPH,WINCHESTER,406,16
INDIANA,SCOTT,AUSTIN,0,0
INDIANA,SCOTT,INDIANAPOLIS,43,2
INDIANA,SCOTT,SCOTTSBURG,832,166
INDIANA,STARKE,INDIANAPOLIS,10,0
INDIANA,STARKE,KNOX,0,0
INDIANA,STARKE,NORTH JUDSON,20,10
INDIANA,TIPPECANOE,CLARKS HILL,0,0
INDIANA,TIPPECANOE,DAYTON,0,0
INDIANA,TIPPECANOE,INDIANAPOLIS,70,14
INDIANA,TIPPECANOE,LAFAYETTE,8000,2255
INDIANA,TIPPECANOE,WEST LAFAYETTE,1546,366
INDIANA,TIPTON,INDIANAPOLIS,4,2
INDIANA,TIPTON,TIPTON,355,63
INDIANA,VERMILLION,CLINTON,336,54
INDIANA,VERMILLION,INDIANAPOLIS,18,4
INDIANA,VERMILLION,NEWPORT,0,0
INDIANA,VIGO,INDIANAPOLIS,54,18
INDIANA,VIGO,TERRE HAUTE,8769,994
INDIANA,VIGO,WEST TERRE HAUTE,0,0
IOWA,AUDUBON,AUDUBON,118,22
IOWA,BENTON,BELLE PLAINE,0,0
IOWA,BENTON,VINTON,170,28
IOWA,BOONE,BOONE,528,160
IOWA,BOONE,OGDEN,35,8
IOWA,CALHOUN,ROCKWELL CITY,166,20
IOWA,CERRO GORDO,CLEAR LAKE,431,110
IOWA,CERRO GORDO,MASON CITY,2523,739
IOWA,DAVIS,BLOOMFIELD,28,20
IOWA,DELAWARE,MANCHESTER,414,204
IOWA,FRANKLIN,HAMPTON,40,26
IOWA,GUTHRIE,GUTHRIE CENTER,70,2
IOWA,HAMILTON,WEBSTER CITY,344,130
IOWA,HANCOCK,GARNER,146,30
IOWA,JEFFERSON,FAIRFIELD,791,186
IOWA,KEOKUK,SIGOURNEY,139,22
IOWA,LINN,CEDAR RAPIDS,11686,2523
IOWA,LINN,HIAWATHA,363,55
IOWA,LINN,LISBON,404,0
IOWA,LINN,MARION,1371,286
IOWA,LINN,MT VERNON,276,10
IOWA,MADISON,WINTERSET,320,64
IOWA,MONROE,ALBIA,216,10
IOWA,OSCEOLA,SIBLEY,131,2
IOWA,UNION,CRESTON,478,88
IOWA,WAPELLO,OTTUMWA,2706,731
IOWA,WEBSTER,FORT DODGE,2544,845
IOWA,WINNEBAGO,FOREST CITY,66,26
IOWA,WINNESHIEK,DECORAH,252,88
KANSAS,ANDERSON,COLONY,0,0
KANSAS,ANDERSON,GARNETT,223,42
KANSAS,CHEROKEE,BAXTER SPRINGS,188,30
KANSAS,CHEROKEE,COLUMBUS,616,44
KANSAS,CHEROKEE,GALENA,129,24
KANSAS,COWLEY,ARKANSAS CITY,1164,347
KANSAS,COWLEY,BURDEN,18,0
KANSAS,COWLEY,DEXTER,0,0
KANSAS,COWLEY,UDALL,0,0
KANSAS,COWLEY,WINFIELD,1211,153
KANSAS,ELLSWORTH,ELLSWORTH,128,12
KANSAS,ELLSWORTH,HOLYROOD,0,0
KANSAS,ELLSWORTH,KANOPOLIS,0,0
KANSAS,ELLSWORTH,WILSON,0,0
KANSAS,HARPER,ANTHONY,265,48
KANSAS,HARPER,ATTICA,18,2
KANSAS,HARPER,HARPER,0,0
KANSAS,HASKELL,SUBLETTE,58,6
KANSAS,JACKSON,HOLTON,380,67
KANSAS,JACKSON,HOYT,0,0
KANSAS,JACKSON,MAYETTA,6,0
KANSAS,JOHNSON,FAIRWAY,57,6
KANSAS,JOHNSON,GARDNER,185,60
KANSAS,JOHNSON,LAKE QUIVIRA,2,0
KANSAS,JOHNSON,LEAWOOD,855,182
KANSAS,JOHNSON,LENEXA,1997,376
KANSAS,JOHNSON,MERRIAM,1216,142
KANSAS,JOHNSON,MISSION,887,80
KANSAS,JOHNSON,OLATHE,5241,1615
KANSAS,JOHNSON,OVERLAND PARK,6417,2143
KANSAS,JOHNSON,PRAIRIE VILLAGE,552,58
KANSAS,JOHNSON,ROELAND PARK,0,0
KANSAS,JOHNSON,SHAWNEE,2646,459
KANSAS,JOHNSON,SHAWNEE MISSION,91,12
KANSAS,JOHNSON,SPRING HILL,4,0
KANSAS,JOHNSON,WESTWOOD,118,4
KANSAS,KINGMAN,KINGMAN,335,32
KANSAS,KINGMAN,NORWICH,0,0
KANSAS,PAWNEE,LARNED,293,54
KANSAS,RAWLINS,ATWOOD,90,10
KANSAS,REPUBLIC,BELLEVILLE,98,23
KANSAS,TREGO,WAKEENEY,87,13
KANSAS,WASHINGTON,WASHINGTON,56,16
KENTUCKY,ADAIR,COLUMBIA,454,230
KENTUCKY,BALLARD,LA CENTER,14,2
KENTUCKY,BALLARD,WICKLIFFE,111,21
KENTUCKY,BATH,OWINGSVILLE,90,4
KENTUCKY,BOYD,ASHLAND,2291,822
KENTUCKY,BOYD,CATLETTSBURG,366,124
KENTUCKY,BOYD,FLATWOODS,0,0
KENTUCKY,CASEY,LIBERTY,108,14
KENTUCKY,ELLIOTT,SANDY HOOK,0,0
KENTUCKY,GALLATIN,WARSAW,137,18
KENTUCKY,KNOX,BARBOURVILLE,385,75
KENTUCKY,LARUE,HODGENVILLE,111,12
KENTUCKY,LEE,BEATTYVILLE,28,4
KENTUCKY,LOGAN,ADAIRVILLE,8,0
KENTUCKY,LOGAN,AUBURN,22,8
KENTUCKY,LOGAN,LEWISBURG,10,2
KENTUCKY,LOGAN,RUSSELLVILLE,855,174
KENTUCKY,MCLEAN,CALHOUN,104,34
KENTUCKY,MEADE,BRANDENBURG,288,44
KENTUCKY,MEADE,MULDRAUGH,42,0
KENTUCKY,MUHLENBERG,CENTRAL CITY,170,108
KENTUCKY,MUHLENBERG,GREENVILLE,190,48
KENTUCKY,MUHLENBERG,POWDERLY,20,8
KENTUCKY,OWEN,OWENTON,104,12
KENTUCKY,ROWAN,MOREHEAD,1161,384
KENTUCKY,RUSSELL,JAMESTOWN,88,20
KENTUCKY,RUSSELL,RUSSELL SPRINGS,138,42
KENTUCKY,WOODFORD,VERSAILLES,886,84
MAINE,KENNEBEC,AUGUSTA,1946,862
MAINE,KENNEBEC,CLINTON,80,20
MAINE,KENNEBEC,GARDINER,267,100
MAINE,KENNEBEC,HALLOWELL,48,10
MAINE,KENNEBEC,MONMOUTH,54,8
MAINE,KENNEBEC,OAKLAND,140,38
MAINE,KENNEBEC,WATERVILLE,1405,532
MAINE,KENNEBEC,WINSLOW,188,44
MAINE,KENNEBEC,WINTHROP,130,62
MAINE,LINCOLN,BOOTHBAY HARBOR,100,36
MAINE,LINCOLN,DAMARISCOTTA,88,40
MAINE,LINCOLN,WALDOBORO,150,44
MAINE,LINCOLN,WISCASSET,580,182
MAINE,SOMERSET,FAIRFIELD,292,72
MAINE,SOMERSET,MADISON,718,220
MAINE,SOMERSET,PITTSFIELD,76,74
MAINE,SOMERSET,SKOWHEGAN,789,164
MARYLAND,CALVERT,PRINCE FREDERICK,2666,976
MARYLAND,DORCHESTER,CAMBRIDGE,1951,615
MARYLAND,DORCHESTER,EASTON,87,24
MARYLAND,DORCHESTER,HURLOCK,176,42
MARYLAND,FREDERICK,BRUNSWICK,178,96
MARYLAND,FREDERICK,FREDERICK,7250,2799
MARYLAND,FREDERICK,THURMONT,149,42
MARYLAND,HARFORD,ABERDEEN,667,263
MARYLAND,HARFORD,BEL AIR,6185,2091
MARYLAND,HARFORD,BELAIR,537,360
MARYLAND,HARFORD,HAVRE DE GRACE,692,190
MARYLAND,PRINCE GEORGE'S,BERWYN HEIGHTS,122,2
MARYLAND,PRINCE GEORGE'S,BLADENSBURG,786,130
MARYLAND,PRINCE GEORGE'S,BOWIE,1723,236
MARYLAND,PRINCE GEORGE'S,BRENTWOOD,36,2
MARYLAND,PRINCE GEORGE'S,CAPITOL HEIGHTS,108,8
MARYLAND,PRINCE GEORGE'S,CHEVERLY,302,74
MARYLAND,PRINCE GEORGE'S,COLLEGE PARK,718,200
MARYLAND,PRINCE GEORGE'S,COLMAR MANOR,68,8
MARYLAND,PRINCE GEORGE'S,COTTAGE CITY,42,4
MARYLAND,PRINCE GEORGE'S,DISTRICT HEIGHTS,140,4
MARYLAND,PRINCE GEORGE'S,EDMONSTON,106,0
MARYLAND,PRINCE GEORGE'S,FAIRMOUNT HEIGHTS,24,4
MARYLAND,PRINCE GEORGE'S,FOREST HEIGHTS,124,0
MARYLAND,PRINCE GEORGE'S,FORESTVILLE,84,26
MARYLAND,PRINCE GEORGE'S,GLENARDEN,152,18
MARYLAND,PRINCE GEORGE'S,GREENBELT,1544,418
MARYLAND,PRINCE GEORGE'S,HYATTSVILLE,2270,622
MARYLAND,PRINCE GEORGE'S,LANDOVER,35430,4072
MARYLAND,PRINCE GEORGE'S,LANDOVER HILLS,84,14
MARYLAND,PRINCE GEORGE'S,LAUREL,2240,422
MARYLAND,PRINCE GEORGE'S,MT. RAINIER,567,36
MARYLAND,PRINCE GEORGE'S,NEW CARROLTON,526,94
MARYLAND,PRINCE GEORGE'S,RIVERDALE,330,34
MARYLAND,PRINCE GEORGE'S,RIVERDALE PARK,398,50
MARYLAND,PRINCE GEORGE'S,SEAT PLEASANT,288,60
MARYLAND,PRINCE GEORGE'S,SUITLAND,84,12
MARYLAND,PRINCE GEORGE'S,UNIVERSITY PARK,90,2
MARYLAND,PRINCE GEORGE'S,UPPER MARLBORO,26,4
MARYLAND,TALBOT,EASTON,499,142
MARYLAND,TALBOT,"EASTON,",1013,240
MARYLAND,TALBOT,OXFORD,2,0
MARYLAND,TALBOT,ST. MICHAELS,44,18
MARYLAND,TALBOT,TRAPPE,25,14
MARYLAND,WORCESTER,BERLIN,410,97
MARYLAND,WORCESTER,OCEAN CITY,2297,780
MARYLAND,WORCESTER,OCEAN PINES,250,4
MARYLAND,WORCESTER,POCOMOKE CITY,408,126
MARYLAND,WORCESTER,SNOW HILL,608,184
MASSACHUSETTS,BARNSTABLE,BREWSTER,233,70
MASSACHUSETTS,BARNSTABLE,BUZZARDS BAY,615,124
MASSACHUSETTS,BARNSTABLE,CHATHAM,164,44
MASSACHUSETTS,BARNSTABLE,EASTHAM,130,20
MASSACHUSETTS,BARNSTABLE,FALMOUTH,1490,184
MASSACHUSETTS,BARNSTABLE,HARWICH,356,90
MASSACHUSETTS,BARNSTABLE,HYANNIS,1824,795
MASSACHUSETTS,BARNSTABLE,MA,0,0
MASSACHUSETTS,BARNSTABLE,MASHPEE,354,84
MASSACHUSETTS,BARNSTABLE,ORLEANS,236,46
MASSACHUSETTS,BARNSTABLE,PROVINCETOWN,250,66
MASSACHUSETTS,BARNSTABLE,SANDWICH,366,128
MASSACHUSETTS,BARNSTABLE,SO DENNIS,756,204
MASSACHUSETTS,BARNSTABLE,TRURO,59,17
MASSACHUSETTS,BARNSTABLE,WELLFLEET,70,16
MASSACHUSETTS,BARNSTABLE,WEST YARMOUTH,1344,614
MASSACHUSETTS,BERKSHIRE,ADAMS,281,72
MASSACHUSETTS,BERKSHIRE,BECKET,30,10
MASSACHUSETTS,BERKSHIRE,CHESHIRE,14,2
MASSACHUSETTS,BERKSHIRE,DALTON,151,56
MASSACHUSETTS,BERKSHIRE,GREAT BARRINGTON,156,68
MASSACHUSETTS,BERKSHIRE,HINSDALE,0,0
MASSACHUSETTS,BERKSHIRE,LANESBORO,0,0
MASSACHUSETTS,BERKSHIRE,LEE,230,74
MASSACHUSETTS,BERKSHIRE,LENOX,176,88
MASSACHUSETTS,BERKSHIRE,MA,115,20
MASSACHUSETTS,BERKSHIRE,MONTEREY,0,0
MASSACHUSETTS,BERKSHIRE,NORTH ADAMS,1293,488
MASSACHUSETTS,BERKSHIRE,NORTH EGREMONT,10,2
MASSACHUSETTS,BERKSHIRE,PITTSFIELD,2727,507
MASSACHUSETTS,BERKSHIRE,RICHMOND,0,0
MASSACHUSETTS,BERKSHIRE,SAVOY,0,0
MASSACHUSETTS,BERKSHIRE,SHEFFIELD,0,0
MASSACHUSETTS,BERKSHIRE,STOCKBRIDGE,58,14
MASSACHUSETTS,BERKSHIRE,WILLIAMSTOWN,284,26
MASSACHUSETTS,NANTUCKET,MA,0,0
MASSACHUSETTS,NANTUCKET,NANTUCKET,670,24
MICHIGAN,ALGER,MUNISING,153,73
MICHIGAN,CHEBOYGAN,CHEBOYGAN,568,228
MICHIGAN,CHEBOYGAN,INDIAN RIVER,142,18
MICHIGAN,CHEBOYGAN,MACKINAW CITY,72,16
MICHIGAN,CLARE,CLARE,109,9
MICHIGAN,CLARE,HARRISON,1012,362
MICHIGAN,CLARE,ROCKFORD,85,38
MICHIGAN,CRAWFORD,GRAYLING,440,88
MICHIGAN,CRAWFORD,WILLAMSBURG,57,24
MICHIGAN,GLADWIN,BEAVERTON,50,30
MICHIGAN,GLADWIN,GLADWIN,506,174
MICHIGAN,GRATIOT,ALMA,335,53
MICHIGAN,GRATIOT,BRECKENRIDGE,36,0
MICHIGAN,GRATIOT,ITHACA,738,74
MICHIGAN,GRATIOT,SAINT LOUIS,122,4
MICHIGAN,IONIA,BELDING,129,18
MICHIGAN,IONIA,IONIA,1343,328
MICHIGAN,IONIA,LAKE ODESSA,34,0
MICHIGAN,IONIA,PORTLAND,60,24
MICHIGAN,KENT,GRAND RAPIDS,21737,4723
MICHIGAN,KENT,GRANDVILLE,1432,572
MICHIGAN,KENT,LOWELL,191,77
MICHIGAN,KENT,ROCKFORD,899,338
MICHIGAN,KENT,SAND LAKE,34,6
MICHIGAN,KENT,SPARTA,248,18
MICHIGAN,KENT,WYOMING,4240,1370
MICHIGAN,LEELANAU,LELAND,10,4
MICHIGAN,LEELANAU,SUTTONS BAY,211,39
MICHIGAN,MARQUETTE,GWINN,202,38
MICHIGAN,MARQUETTE,ISHPEMING,208,62
MICHIGAN,MARQUETTE,MARQUETTE,1268,308
MICHIGAN,MARQUETTE,NEGAUNEE,507,294
MICHIGAN,MISSAUKEE,LAKE CITY,340,112
MICHIGAN,MISSAUKEE,ROCKFORD,30,14
MICHIGAN,OCEANA,HART,1655,375
MICHIGAN,OCEANA,HESPERIA,0,0
MICHIGAN,OCEANA,NEW ERA,8,0
MICHIGAN,OCEANA,PENTWATER,38,2
MICHIGAN,OCEANA,ROTHBURY,22,0
MICHIGAN,OCEANA,SHELBY,0,0
MICHIGAN,ONTONAGON,MARQUETTE,44,16
MICHIGAN,ONTONAGON,ONTONAGON,68,0
MICHIGAN,SAGINAW,BIRCH RUN,170,18
MICHIGAN,SAGINAW,BRIDGEPORT,459,95
MICHIGAN,SAGINAW,CHESANING,26,2
MICHIGAN,SAGINAW,FRANKENMUTH,176,26
MICHIGAN,SAGINAW,FREELAND,144,18
MICHIGAN,SAGINAW,HEMLOCK,36,4
MICHIGAN,SAGINAW,SAGINAW,7876,1771
MICHIGAN,SAGINAW,SAINT CHARLES,83,14
MICHIGAN,SHIAWASSEE,BANCROFT,6,0
MICHIGAN,SHIAWASSEE,BYRON,0,0
MICHIGAN,SHIAWASSEE,CORUNNA,1045,422
MICHIGAN,SHIAWASSEE,DURAND,116,16
MICHIGAN,SHIAWASSEE,LAINGSBURG,69,0
MICHIGAN,SHIAWASSEE,LENNON,7,0
MICHIGAN,SHIAWASSEE,MORRICE,36,2
MICHIGAN,SHIAWASSEE,NEW LOTHROP,12,0
MICHIGAN,SHIAWASSEE,OWOSSO,786,96
MICHIGAN,SHIAWASSEE,PERRY,34,6
MICHIGAN,SHIAWASSEE,VERNON,14,0
MINNESOTA,CARLTON,CARLTON,373,61
MINNESOTA,CARLTON,CLOQUET,1329,413
MINNESOTA,CARLTON,MOOSE LAKE,193,53
MINNESOTA,CHIPPEWA,CLARA CITY,16,2
MINNESOTA,CHIPPEWA,MONTEVIDEO,278,126
MINNESOTA,DAKOTA,APPLE VALLEY,2427,833
MINNESOTA,DAKOTA,BURNSVILLE,3559,994
MINNESOTA,DAKOTA,EAGAN,2373,713
MINNESOTA,DAKOTA,FARMINGTON,463,109
MINNESOTA,DAKOTA,HASTINGS,1326,596
MINNESOTA,DAKOTA,INVER GROVE HEIGHTS,1762,730
MINNESOTA,DAKOTA,LAKEVILLE,1313,460
MINNESOTA,DAKOTA,MENDOTA HEIGHTS,401,70
MINNESOTA,DAKOTA,ROSEMOUNT,432,116
MINNESOTA,DAKOTA,SOUTH ST. PAUL,1444,454
MINNESOTA,DAKOTA,WEST ST. PAUL,2153,966
MINNESOTA,FREEBORN,ALBERT LEA,866,290
MINNESOTA,HENNEPIN,BLOOMINGTON,5985,3509
MINNESOTA,HENNEPIN,BROOKLYN CENTER,2395,992
MINNESOTA,HENNEPIN,BROOKLYN PARK,5492,1708
MINNESOTA,HENNEPIN,CHAMPLIN,657,180
MINNESOTA,HENNEPIN,CORCORAN,58,58
MINNESOTA,HENNEPIN,CRYSTAL,1004,297
MINNESOTA,HENNEPIN,CRYSTAL BAY,339,54
MINNESOTA,HENNEPIN,DAYTON,86,44
MINNESOTA,HENNEPIN,DEEPHAVEN,17,16
MINNESOTA,HENNEPIN,EDEN PRAIRIE,1532,601
MINNESOTA,HENNEPIN,EDINA,1924,532
MINNESOTA,HENNEPIN,GOLDEN VALLEY,848,114
MINNESOTA,HENNEPIN,HOPKINS,848,98
MINNESOTA,HENNEPIN,MAPLE GROVE,2466,632
MINNESOTA,HENNEPIN,MAPLE PLAIN,104,38
MINNESOTA,HENNEPIN,MEDINA,204,68
MINNESOTA,HENNEPIN,MINNEAPOLIS,46061,6936
MINNESOTA,HENNEPIN,MINNETONKA,1597,444
MINNESOTA,HENNEPIN,MINNETRISTA,172,46
MINNESOTA,HENNEPIN,NEW HOPE,835,165
MINNESOTA,HENNEPIN,OSSEO,8,0
MINNESOTA,HENNEPIN,PLYMOUTH,2256,531
MINNESOTA,HENNEPIN,RICHFIELD,1996,608
MINNESOTA,HENNEPIN,ROBBINSDALE,591,92
MINNESOTA,HENNEPIN,ROGERS,395,167
MINNESOTA,HENNEPIN,SHOREWOOD,251,57
MINNESOTA,HENNEPIN,ST. LOUIS PARK,2502,746
MINNESOTA,HENNEPIN,ST. PAUL,646,222
MINNESOTA,HENNEPIN,WAYZATA,252,84
MINNESOTA,LAC QUI PARLE,DAWSON,40,14
MINNESOTA,LAC QUI PARLE,MADISON,55,4
MINNESOTA,MARTIN,FAIRMONT,484,162
MINNESOTA,MEEKER,EDEN VALLEY,14,2
MINNESOTA,MEEKER,LITCHFIELD,487,104
MINNESOTA,MILLE LACS,ISLE,32,30
MINNESOTA,MILLE LACS,MILACA,1020,940
MINNESOTA,MILLE LACS,ONAMIA,264,46
MINNESOTA,MILLE LACS,PRINCETON,364,142
MINNESOTA,NICOLLET,NORTH MANKATO,315,309
MINNESOTA,NICOLLET,SAINT PETER,130,26
MINNESOTA,NICOLLET,ST. PETER,335,91
MINNESOTA,OTTER TAIL,FERGUS FALLS,1835,751
MINNESOTA,PENNINGTON,THIEF RIVER FALLS,252,84
MINNESOTA,PIPESTONE,PIPESTONE,126,22
MINNESOTA,POPE,GLENWOOD,88,38
MINNESOTA,POPE,STARBUCK,40,2
MINNESOTA,RAMSEY,MAPLEWOOD,3709,1225
MINNESOTA,RAMSEY,MOUNDS VIEW,866,162
MINNESOTA,RAMSEY,NEW BRIGHTON,1086,78
MINNESOTA,RAMSEY,NORTH ST. PAUL,554,142
MINNESOTA,RAMSEY,ROSEVILLE,3776,1560
MINNESOTA,RAMSEY,SAINT PAUL,2629,426
MINNESOTA,RAMSEY,ST PAUL,0,0
MINNESOTA,RAMSEY,ST. PAUL,23671,4065
MINNESOTA,RAMSEY,WHITE BEAR LAKE,1284,172
MINNESOTA,RICE,FARIBAULT,1523,416
MINNESOTA,RICE,LONSDALE,44,4
MINNESOTA,RICE,MORRISTOWN,32,4
MINNESOTA,RICE,NORTHFIELD,456,106
MINNESOTA,STEVENS,HANCOCK,0,0
MINNESOTA,STEVENS,MORRIS,282,106
MINNESOTA,SWIFT,APPLETON,58,16
MINNESOTA,SWIFT,BENSON,36,12
MINNESOTA,WASECA,JANESVILLE,34,16
MINNESOTA,WASECA,NEW RICHLAND,0,0
MINNESOTA,WASECA,WASECA,500,156
MISSISSIPPI,ATTALA,KOSCIUSKO,0,0
MISSISSIPPI,CHOCTAW,ACKERMAN,199,23
MISSISSIPPI,COPIAH,CRYSTAL SPRINGS,0,0
MISSISSIPPI,COPIAH,HAZLEHURST,0,0
MISSISSIPPI,COVINGTON,COLLINS,0,0
MISSISSIPPI,COVINGTON,MOUNT OLIVE,0,0
MISSISSIPPI,HANCOCK,BAY SAINT LOUIS,0,0
MISSISSIPPI,HANCOCK,KILN,1266,212
MISSISSIPPI,HANCOCK,WAVELAND,630,216
MISSISSIPPI,HOLMES,DURANT,0,0
MISSISSIPPI,HOLMES,LEXINGTON,0,0
MISSISSIPPI,HOLMES,PICKENS,0,0
MISSISSIPPI,HOLMES,TCHULA,0,0
MISSISSIPPI,ISSAQUENA,MAYERSVILLE,0,0
MISSISSIPPI,JASPER,BAY SPRINGS,0,0
MISSISSIPPI,JASPER,HEIDELBERG,0,0
MISSISSIPPI,KEMPER,DE KALB,137,16
MISSISSIPPI,KEMPER,DEKALB,0,0
MISSISSIPPI,KEMPER,SCOOBA,0,0
MISSISSIPPI,LAMAR,PURVIS,1576,82
MISSISSIPPI,LOWNDES,COLUMBUS,1286,50
MISSISSIPPI,MADISON,CANTON,606,14
MISSISSIPPI,MADISON,FLORA,0,0
MISSISSIPPI,MADISON,MADISON,424,142
MISSISSIPPI,MADISON,RIDGELAND,1625,1212
MISSISSIPPI,PRENTISS,BOONEVILLE,60,0
MISSISSIPPI,SHARKEY,ROLLING FORK,0,0
MISSISSIPPI,SIMPSON,MAGEE,10,0
MISSISSIPPI,SIMPSON,MENDENHALL,18,0
MISSISSIPPI,SMITH,RALEIGH,0,0
MISSISSIPPI,TATE,COLDWATER,0,0
MISSISSIPPI,TATE,SENATOBIA,0,0
MISSISSIPPI,TISHOMINGO,IUKA,184,78
MISSISSIPPI,WASHINGTON,GREENVILLE,4856,44
MISSISSIPPI,WASHINGTON,HOLLANDALE,0,0
MISSISSIPPI,WASHINGTON,LELAND,0,0
MISSOURI,BENTON,COLE CAMP,58,26
MISSOURI,BENTON,LINCOLN,82,28
MISSOURI,BENTON,WARSAW,812,230
MISSOURI,CALLAWAY,AUXVASSE,58,12
MISSOURI,CALLAWAY,FULTON,2245,630
MISSOURI,CALLAWAY,HOLTS SUMMIT,49,42
MISSOURI,CALLAWAY,NEW BLOOMFIELD,0,0
MISSOURI,CHARITON,KEYTESVILLE,126,40
MISSOURI,CHARITON,SALISBURY,73,22
MISSOURI,CLARK,KAHOKA,132,52
MISSOURI,DENT,SALEM,508,136
MISSOURI,DUNKLIN,ARBYRD,6,8
MISSOURI,DUNKLIN,CAMPBELL,90,26
MISSOURI,DUNKLIN,CARDWELL,30,18
MISSOURI,DUNKLIN,CLARKTON,65,36
MISSOURI,DUNKLIN,HOLCOMB,6,0
MISSOURI,DUNKLIN,HORNERSVILLE,28,12
MISSOURI,DUNKLIN,KENNETT,1675,442
MISSOURI,DUNKLIN,MALDEN,297,213
MISSOURI,DUNKLIN,SENATH,68,12
MISSOURI,HICKORY,HERMITAGE,180,40
MISSOURI,HOLT,MOUND CITY,33,1
MISSOURI,HOLT,OREGON,112,22
MISSOURI,IRON,ANNAPOLIS,7,7
MISSOURI,IRON,ARCADIA,2,2
MISSOURI,IRON,IRONTON,213,18
MISSOURI,IRON,PILOT KNOB,21,15
MISSOURI,IRON,VIBURNUM,38,12
MISSOURI,JEFFERSON,ARNOLD,1648,476
MISSOURI,JEFFERSON,CRYSTAL CITY,384,174
MISSOURI,JEFFERSON,DESOTO,450,0
MISSOURI,JEFFERSON,FESTUS,647,228
MISSOURI,JEFFERSON,HERCULANEUM,120,38
MISSOURI,JEFFERSON,HILLSBORO,5188,971
MISSOURI,JEFFERSON,HOUSE SPRINGS,22,6
MISSOURI,JEFFERSON,KIMMSWICK,0,0
MISSOURI,JEFFERSON,PEVELY,276,60
MISSOURI,LEWIS,CANTON,110,46
MISSOURI,LEWIS,LAGRANGE,10,4
MISSOURI,LEWIS,MONTICELLO,85,29
MISSOURI,MONTGOMERY,BELLFLOWER,4,0
MISSOURI,MONTGOMERY,JONESBURG,48,24
MISSOURI,MONTGOMERY,MONTGOMERY CITY,315,79
MISSOURI,MONTGOMERY,NEW FLORENCE,16,6
MISSOURI,MONTGOMERY,WELLSVILLE,20,12
MISSOURI,PEMISCOT,CARUTHERSVILLE,934,160
MISSOURI,PEMISCOT,COOTER,0,0
MISSOURI,PEMISCOT,HAYTI,422,164
MISSOURI,PEMISCOT,STEELE,190,76
MISSOURI,PEMISCOT,WARDELL,6,6
MISSOURI,POLK,BOLIVAR,2212,742
MISSOURI,POLK,FAIR PLAY,14,12
MISSOURI,POLK,HUMANSVILLE,29,10
MISSOURI,POLK,PLEASANT HOPE,8,2
MISSOURI,POLK,RICHMOND,0,0
MISSOURI,SALINE,BLACKBURN,0,0
MISSOURI,SALINE,EMMA,0,0
MISSOURI,SALINE,MARSHALL,917,267
MISSOURI,SALINE,SLATER,108,30
MISSOURI,SALINE,SWEET SPRINGS,20,0
MISSOURI,SCOTLAND,MEMPHIS,109,40
MISSOURI,VERNON,NEVADA,1966,674
MISSOURI,WASHINGTON,POTOSI,1207,161
MONTANA,CARBON,BRIDGER,16,0
MONTANA,CARBON,RED LODGE,243,26
MONTANA,CUSTER,MILES CITY,476,149
MONTANA,FERGUS,LEWISTOWN,412,113
MONTANA,POWELL,DEER LODGE,330,58
MONTANA,SANDERS,HOT SPRINGS,16,2
MONTANA,SANDERS,PLAINS,32,6
MONTANA,SANDERS,THOMPSON FALLS,258,34
MONTANA,STILLWATER,COLUMBUS,183,44
MONTANA,TREASURE,HYSHAM,2,2
NEBRASKA,CHEYENNE,SCOTTSBLUFF,0,0
NEBRASKA,CHEYENNE,SIDNEY,340,128
NEBRASKA,DODGE,FREMONT,1555,326
NEBRASKA,DODGE,OMAHA,2,0
NEBRASKA,DODGE,SCRIBNER,10,10
NEBRASKA,FRANKLIN,FRANKLIN,18,8
NEBRASKA,FRANKLIN,NB,0,0
NEBRASKA,GARFIELD,BURWELL,0,0
NEBRASKA,GARFIELD,NB,4,4
NEBRASKA,GREELEY,GREELEY,0,0
NEBRASKA,GREELEY,NB,0,0
NEBRASKA,HOLT,O'NEILL,38,37
NEBRASKA,HOLT,ONEILL,26,18
NEBRASKA,KIMBALL,KIMBALL,38,10
NEBRASKA,LINCOLN,NB,8,4
NEBRASKA,LINCOLN,NORTH PLATTE,2170,692
NEBRASKA,LOGAN,NB,0,0
NEBRASKA,LOGAN,STAPLETON,0,0
NEBRASKA,RICHARDSON,FALLS CITY,126,54
NEBRASKA,RICHARDSON,NB,0,0
NEBRASKA,ROCK,BASSETT,0,0
NEBRASKA,ROCK,NB,0,0
NEBRASKA,SCOTTS BLUFF,GERING,532,56
NEBRASKA,SCOTTS BLUFF,MINATARE,0,0
NEBRASKA,SCOTTS BLUFF,MITCHELL,62,4
NEBRASKA,SCOTTS BLUFF,NB,12,2
NEBRASKA,SCOTTS BLUFF,SCOTTSBLUFF,1423,473
NEBRASKA,THAYER,HEBRON,113,8
NEBRASKA,THOMAS,NB,0,0
NEBRASKA,THOMAS,THEDFORD,0,0
NEBRASKA,VALLEY,NB,0,0
NEBRASKA,VALLEY,ORD,66,6
NEVADA,STOREY,VIRGINIA CITY,233,117
NEW HAMPSHIRE,HILLSBOROUGH,AMHERST,274,116
NEW HAMPSHIRE,HILLSBOROUGH,ANTRIM,46,10
NEW HAMPSHIRE,HILLSBOROUGH,BEDFORD,722,264
NEW HAMPSHIRE,HILLSBOROUGH,BENNINGTON,34,4
NEW HAMPSHIRE,HILLSBOROUGH,BROOKLINE,40,14
NEW HAMPSHIRE,HILLSBOROUGH,DEERING,61,2
NEW HAMPSHIRE,HILLSBOROUGH,GOFFSTOWN,510,130
NEW HAMPSHIRE,HILLSBOROUGH,GREENFIELD,0,0
NEW HAMPSHIRE,HILLSBOROUGH,GREENVILLE,0,0
NEW HAMPSHIRE,HILLSBOROUGH,HANCOCK,22,2
NEW HAMPSHIRE,HILLSBOROUGH,HILLSBORO,197,32
NEW HAMPSHIRE,HILLSBOROUGH,HOLLIS,93,14
NEW HAMPSHIRE,HILLSBOROUGH,HUDSON,692,258
NEW HAMPSHIRE,HILLSBOROUGH,LITCHFIELD,72,16
NEW HAMPSHIRE,HILLSBOROUGH,LYNDEBOROUGH,32,4
NEW HAMPSHIRE,HILLSBOROUGH,MANCHESTER,7539,1630
NEW HAMPSHIRE,HILLSBOROUGH,MERRIMACK,382,40
NEW HAMPSHIRE,HILLSBOROUGH,MILFORD,323,28
NEW HAMPSHIRE,HILLSBOROUGH,MOUNT VERNON,29,5
NEW HAMPSHIRE,HILLSBOROUGH,NASHUA,2799,917
NEW HAMPSHIRE,HILLSBOROUGH,NEW BOSTON,56,16
NEW HAMPSHIRE,HILLSBOROUGH,NEW IPSWICH,74,8
NEW HAMPSHIRE,HILLSBOROUGH,PELHAM,236,18
NEW HAMPSHIRE,HILLSBOROUGH,PETERBOROUH,129,8
NEW HAMPSHIRE,HILLSBOROUGH,TEMPLE,0,0
NEW HAMPSHIRE,HILLSBOROUGH,WEARE,161,23
NEW HAMPSHIRE,HILLSBOROUGH,WILTON,66,6
NEW HAMPSHIRE,STRAFFORD,CTR. STRAFFORD,54,6
NEW HAMPSHIRE,STRAFFORD,DOVER,944,190
NEW HAMPSHIRE,STRAFFORD,DURHAM,186,24
NEW HAMPSHIRE,STRAFFORD,FARMINGTON,265,34
NEW HAMPSHIRE,STRAFFORD,LEE,90,20
NEW HAMPSHIRE,STRAFFORD,MIDDLETON,50,6
NEW HAMPSHIRE,STRAFFORD,MILTON,175,26
NEW HAMPSHIRE,STRAFFORD,NEW DURHAM,52,6
NEW HAMPSHIRE,STRAFFORD,ROCHESTER,2237,708
NEW HAMPSHIRE,STRAFFORD,ROLLINSFORD,66,16
NEW HAMPSHIRE,STRAFFORD,SOMERSWORTH,790,250
NEW JERSEY,BURLINGTON,BEVERLY,147,32
NEW JERSEY,BURLINGTON,BORDENTOWN,268,92
NEW JERSEY,BURLINGTON,BURLINGTON,1282,463
NEW JERSEY,BURLINGTON,CHESTERFIELD,50,8
NEW JERSEY,BURLINGTON,CINNAMINSON,660,266
NEW JERSEY,BURLINGTON,COLUMBUS,177,31
NEW JERSEY,BURLINGTON,COOKSTOWN,12,12
NEW JERSEY,BURLINGTON,DELANCO,204,26
NEW JERSEY,BURLINGTON,DELRAN,556,80
NEW JERSEY,BURLINGTON,EASTAMPTON,142,28
NEW JERSEY,BURLINGTON,EDGEWATER PARK,372,98
NEW JERSEY,BURLINGTON,FIELDSBORO,16,6
NEW JERSEY,BURLINGTON,FLORENCE,204,76
NEW JERSEY,BURLINGTON,JOBSTOWN,58,10
NEW JERSEY,BURLINGTON,LUMBERTON,469,118
NEW JERSEY,BURLINGTON,MAPLE SHADE,712,104
NEW JERSEY,BURLINGTON,MARLTON,1389,358
NEW JERSEY,BURLINGTON,MEDFORD,408,105
NEW JERSEY,BURLINGTON,MEDFORD LAKES,76,10
NEW JERSEY,BURLINGTON,MOORESTOWN,1309,316
NEW JERSEY,BURLINGTON,MOUNT HOLLY,695,67
NEW JERSEY,BURLINGTON,MOUNT LAUREL,1326,226
NEW JERSEY,BURLINGTON,PALMYRA,422,148
NEW JERSEY,BURLINGTON,PEMBERTON,1592,213
NEW JERSEY,BURLINGTON,RIVERSIDE,44,44
NEW JERSEY,BURLINGTON,RIVERTON,108,20
NEW JERSEY,BURLINGTON,WESTAMPTON,325,72
NEW JERSEY,BURLINGTON,WILLINGBORO,1473,216
NEW JERSEY,BURLINGTON,WRIGHTSTOWN,64,20
NEW JERSEY,CAMDEN,ATCO,158,22
NEW JERSEY,CAMDEN,AUDUBON,736,260
NEW JERSEY,CAMDEN,BARRINGTON,214,22
NEW JERSEY,CAMDEN,BELLMAWR,578,99
NEW JERSEY,CAMDEN,BERLIN,300,90
NEW JERSEY,CAMDEN,BLACKWOOD,2246,602
NEW JERSEY,CAMDEN,BRADDOCK,365,147
NEW JERSEY,CAMDEN,BROOKLAWN,458,190
NEW JERSEY,CAMDEN,CAMDEN,8832,2194
NEW JERSEY,CAMDEN,CHERRY HILL,4083,1613
NEW JERSEY,CAMDEN,CHESILHURST,100,12
NEW JERSEY,CAMDEN,CLEMENTON,367,30
NEW JERSEY,CAMDEN,COLLINGSWOOD,836,145
NEW JERSEY,CAMDEN,GIBBSBORO,66,2
NEW JERSEY,CAMDEN,GLOUCESTER CITY,589,99
NEW JERSEY,CAMDEN,HADDON HEIGHTS,156,26
NEW JERSEY,CAMDEN,HADDONFIELD,394,52
NEW JERSEY,CAMDEN,HI-NELLA,38,10
NEW JERSEY,CAMDEN,LAUREL SPRINGS,88,0
NEW JERSEY,CAMDEN,LAWNSIDE,268,134
NEW JERSEY,CAMDEN,LINDENWOLD,1206,307
NEW JERSEY,CAMDEN,MAGNOLIA,166,28
NEW JERSEY,CAMDEN,MERCHANTVILLE,81,25
NEW JERSEY,CAMDEN,MOUNT EPHRAIM,351,65
NEW JERSEY,CAMDEN,OAKLYN,411,103
NEW JERSEY,CAMDEN,PENNSAUKEN,2071,258
NEW JERSEY,CAMDEN,PINE HILL,428,60
NEW JERSEY,CAMDEN,PINE VALLEY,0,0
NEW JERSEY,CAMDEN,RUNNEMEDE,736,140
NEW JERSEY,CAMDEN,SOMEDALE,498,180
NEW JERSEY,CAMDEN,STRATFORD,314,68
NEW JERSEY,CAMDEN,VOORHEES,994,210
NEW JERSEY,CAMDEN,WEST BERLIN,519,314
NEW JERSEY,CAMDEN,WESTMONT,818,304
NEW JERSEY,CAPE MAY,AVALON,388,26
NEW JERSEY,CAPE MAY,CAPE MAY,757,228
NEW JERSEY,CAPE MAY,CAPE MAY COURT HOUSE,1072,413
NEW JERSEY,CAPE MAY,ERMA,814,128
NEW JERSEY,CAPE MAY,NORTH WILDWOOD,390,64
NEW JERSEY,CAPE MAY,OCEAN CITY,757,139
NEW JERSEY,CAPE MAY,SEA ISLE,494,40
NEW JERSEY,CAPE MAY,STONE HARBOR,202,30
NEW JERSEY,CAPE MAY,WEST WILDWOOD,40,0
NEW JERSEY,CAPE MAY,WILDWOOD,942,188
NEW JERSEY,CAPE MAY,WILDWOOD CREST,246,60
NEW JERSEY,MERCER,EAST WINDSOR,489,158
NEW JERSEY,MERCER,EWING,1652,365
NEW JERSEY,MERCER,HAMILTON,3361,639
NEW JERSEY,MERCER,HIGHTSTOWN,94,22
NEW JERSEY,MERCER,LAWRENCEVILLE,1419,647
NEW JERSEY,MERCER,PENNINGTON,16,6
NEW JERSEY,MERCER,PRINCETON,496,68
NEW JERSEY,MERCER,PRINCETON JUNCTION,941,274
NEW JERSEY,MERCER,ROBBINSVILLE,138,14
NEW JERSEY,MERCER,TITUSVILLE,218,40
NEW JERSEY,MERCER,TRENTON,6792,1080
NEW JERSEY,MONMOUTH,ABERDEEN,330,122
NEW JERSEY,MONMOUTH,ALLENHURST,32,10
NEW JERSEY,MONMOUTH,ALLENTOWN,20,2
NEW JERSEY,MONMOUTH,ASBURY PARK,2200,390
NEW JERSEY,MONMOUTH,ATLANTIC HIGHLANDS,74,16
NEW JERSEY,MONMOUTH,AVON-BY-THE-SEA,60,6
NEW JERSEY,MONMOUTH,BELMAR,385,3
NEW JERSEY,MONMOUTH,BRADLEY BEACH,170,40
NEW JERSEY,MONMOUTH,BRIELLE,44,6
NEW JERSEY,MONMOUTH,COLTS NECK,134,22
NEW JERSEY,MONMOUTH,DEAL,84,20
NEW JERSEY,MONMOUTH,EATONTOWN,880,400
NEW JERSEY,MONMOUTH,ENGLISHTOWN,90,20
NEW JERSEY,MONMOUTH,FAIR HAVEN,83,3
NEW JERSEY,MONMOUTH,FREEHOLD,1596,440
NEW JERSEY,MONMOUTH,HAZLET,434,134
NEW JERSEY,MONMOUTH,HIGHLANDS,60,26
NEW JERSEY,MONMOUTH,HOLMDEL,340,88
NEW JERSEY,MONMOUTH,HOWELL,859,360
NEW JERSEY,MONMOUTH,INTERLAKEN,22,4
NEW JERSEY,MONMOUTH,KEANSBURG,428,178
NEW JERSEY,MONMOUTH,KEYPORT,233,48
NEW JERSEY,MONMOUTH,LAKE COMO,78,2
NEW JERSEY,MONMOUTH,LINCROFT,46,2
NEW JERSEY,MONMOUTH,LITTLE SILVER,94,22
NEW JERSEY,MONMOUTH,LONG BRANCH,1718,378
NEW JERSEY,MONMOUTH,MANALAPAN,536,98
NEW JERSEY,MONMOUTH,MANASQUAN,238,14
NEW JERSEY,MONMOUTH,MARLBORO,506,140
NEW JERSEY,MONMOUTH,MATAWAN,74,22
NEW JERSEY,MONMOUTH,MIDDLETOWN,907,196
NEW JERSEY,MONMOUTH,MONMOUTH BEACH,108,24
NEW JERSEY,MONMOUTH,NEPTUNE,2153,618
NEW JERSEY,MONMOUTH,NEPTUNE CITY,310,92
NEW JERSEY,MONMOUTH,OAKHURST,1303,505
NEW JERSEY,MONMOUTH,OCEANPORT,102,18
NEW JERSEY,MONMOUTH,RED BANK,460,110
NEW JERSEY,MONMOUTH,RUMSON,80,4
NEW JERSEY,MONMOUTH,SEA BRIGHT,8,0
NEW JERSEY,MONMOUTH,SEA GIRT,64,22
NEW JERSEY,MONMOUTH,SHREWSBURY,118,28
NEW JERSEY,MONMOUTH,SPRING LAKE,108,18
NEW JERSEY,MONMOUTH,SPRING LAKE HEIGHTS,32,18
NEW JERSEY,MONMOUTH,TINTON FALLS,556,118
NEW JERSEY,MONMOUTH,UNION BEACH,84,12
NEW JERSEY,MONMOUTH,WALL TOWNSHIP,545,293
NEW JERSEY,MONMOUTH,WEST LONG BRANCH,284,60
NEW MEXICO,BERNALILLO,ALBUQUERQUE,98578,15741
NEW MEXICO,BERNALILLO,ISLETA,16,4
NEW MEXICO,DE BACA,FORT SUMNER,66,10
NEW MEXICO,GUADALUPE,SANTA ROSA,176,34
NEW MEXICO,HARDING,MOSQUERO,0,0
NEW MEXICO,LINCOLN,CAPITAN,62,42
NEW MEXICO,LINCOLN,CARRIZOZO,284,42
NEW MEXICO,LINCOLN,RUIDOSO,464,84
NEW MEXICO,LINCOLN,RUIDOSO DOWNS,342,246
NEW MEXICO,LOS ALAMOS,LOS ALAMOS,316,184
NEW MEXICO,MCKINLEY,GALLUP,4823,966
NEW MEXICO,MCKINLEY,RAMAH,22,12
NEW MEXICO,MCKINLEY,ZUNI,32,32
NEW MEXICO,ROOSEVELT,PORTALES,1146,38
NEW MEXICO,SAN JUAN,AZTEC,3250,808
NEW MEXICO,SAN JUAN,BLOOMFIELD,450,54
NEW MEXICO,SAN JUAN,FARMINGTON,4319,904
NEW MEXICO,SIERRA,T OR C,461,116
NEW MEXICO,SIERRA,TRUTH OR CONSEQUENCES,223,65
NEW MEXICO,TORRANCE,ESTANCIA,563,110
NEW MEXICO,TORRANCE,MORIARTY,160,36
NEW YORK,CHEMUNG,CANANDAIGUA,606,264
NEW YORK,CHEMUNG,ELMIRA,3169,1563
NEW YORK,CHEMUNG,ELMIRA HEIGHTS,151,99
NEW YORK,CHEMUNG,HORSEHEADS,204,102
NEW YORK,CHEMUNG,WEST ELMIRA,6,2
NEW YORK,MADISON,CANASTOTA,571,78
NEW YORK,MADISON,CAZENOVIA,54,8
NEW YORK,MADISON,CHITTENANGO,26,20
NEW YORK,MADISON,HAMILTON,28,18
NEW YORK,MADISON,MORRISVILLE,62,32
NEW YORK,MADISON,ONEIDA,1447,635
NEW YORK,MADISON,WAMPSVILLE,265,104
NEW YORK,NEW YORK,BRONX,28,8
NEW YORK,NEW YORK,NEW YORK,350432,124286
NEW YORK,OSWEGO,CENTRAL SQUARE,92,76
NEW YORK,OSWEGO,FULTON,745,271
NEW YORK,OSWEGO,ONEIDA,1592,483
NEW YORK,OSWEGO,OSWEGO,2081,880
NEW YORK,OSWEGO,PHOENIX,50,12
NEW YORK,OSWEGO,PULASKI,66,2
NEW YORK,OTSEGO,COOPERSTOWN,182,104
NEW YORK,OTSEGO,ONEONTA,693,120
NEW YORK,OTSEGO,SIDNEY,684,248
NEW YORK,PUTNAM,BREWSTER,26,4
NEW YORK,PUTNAM,CARMEL,614,156
NEW YORK,PUTNAM,COLD SPRING,0,0
NEW YORK,PUTNAM,KENT LAKES,114,54
NEW YORK,PUTNAM,MAHOPAC,224,132
NEW YORK,PUTNAM,POUGHKEEPSIE,205,38
NEW YORK,RENSSELAER,CASTLETON,110,32
NEW YORK,RENSSELAER,HOOSICK FALLS,50,14
NEW YORK,RENSSELAER,LOUDONVILLE,895,311
NEW YORK,RENSSELAER,NASSAU,16,4
NEW YORK,RENSSELAER,RENSSELAER,932,553
NEW YORK,RENSSELAER,TROY,5228,1360
NEW YORK,SCHOHARIE,COBLESKILL,346,184
NEW YORK,SCHOHARIE,LOUDONVILLE,324,67
NEW YORK,SCHOHARIE,SCHOHARIE,104,50
NEW YORK,SCHUYLER,CANANDAIGUA,40,6
NEW YORK,SCHUYLER,WATKINS GLEN,188,156
NEW YORK,STEUBEN,ADDISON,44,2
NEW YORK,STEUBEN,ATLANTA,4,0
NEW YORK,STEUBEN,BATH,590,202
NEW YORK,STEUBEN,CANANDAIGUA,1134,443
NEW YORK,STEUBEN,CANISTEO,20,20
NEW YORK,STEUBEN,CORNING,764,173
NEW YORK,STEUBEN,HAMMONDSPORT,24,2
NEW YORK,STEUBEN,HORNELL,282,110
NEW YORK,STEUBEN,PAINTED POST,168,26
NEW YORK,STEUBEN,WAYLAND,20,14
NEW YORK,ULSTER,ELLENVILLE,258,52
NEW YORK,ULSTER,HIGHLAND,204,148
NEW YORK,ULSTER,KINGSTON,1606,232
NEW YORK,ULSTER,LAKE KATRINE,634,456
NEW YORK,ULSTER,MIDDLETOWN,983,288
NEW YORK,ULSTER,MILTON,158,32
NEW YORK,ULSTER,MODENA,124,12
NEW YORK,ULSTER,NEW PALTZ,454,144
NEW YORK,ULSTER,OLIVEBRIDGE,0,0
NEW YORK,ULSTER,ROSENDALE,50,4
NEW YORK,ULSTER,SAUGERTIES,454,108
NEW YORK,ULSTER,SHANDAKEN,62,4
NEW YORK,ULSTER,SHOKAN,38,4
NEW YORK,ULSTER,WALLKILL,118,16
NEW YORK,ULSTER,WOODSTOCK,128,26
NORTH CAROLINA,ALLEGHANY,ROARING GAP,0,0
NORTH CAROLINA,ALLEGHANY,SPARTA,204,56
NORTH CAROLINA,ANSON,LILESVILLE,0,0
NORTH CAROLINA,ANSON,MORVEN,0,0
NORTH CAROLINA,ANSON,POLKTON,0,0
NORTH CAROLINA,ANSON,WADESBORO,1402,507
NORTH CAROLINA,AVERY,BANNER ELK,36,12
NORTH CAROLINA,AVERY,ELK PARK,0,0
NORTH CAROLINA,AVERY,LINVILLE,0,0
NORTH CAROLINA,AVERY,NEWLAND,416,127
NORTH CAROLINA,AVERY,SUGAR MOUNTAIN,8,0
NORTH CAROLINA,BRUNSWICK,BALD HEAD ISLAND,70,2
NORTH CAROLINA,BRUNSWICK,BOLIVIA,1099,305
NORTH CAROLINA,BRUNSWICK,CASWELL BEACH,0,0
NORTH CAROLINA,BRUNSWICK,HOLDEN BEACH,0,0
NORTH CAROLINA,BRUNSWICK,LELAND,907,375
NORTH CAROLINA,BRUNSWICK,NAVASSA,0,0
NORTH CAROLINA,BRUNSWICK,OAK ISLAND,445,152
NORTH CAROLINA,BRUNSWICK,OCEAN ISLE BEACH,6,0
NORTH CAROLINA,BRUNSWICK,SHALLOTTE,326,134
NORTH CAROLINA,BRUNSWICK,SOUTHPORT,375,64
NORTH CAROLINA,BRUNSWICK,SUNSET BEACH,0,0
NORTH CAROLINA,CALDWELL,GRANITE FALLS,576,366
NORTH CAROLINA,CALDWELL,HUDSON,222,122
NORTH CAROLINA,CALDWELL,LENOIR,4540,1164
NORTH CAROLINA,CALDWELL,RHODHISS,0,0
NORTH CAROLINA,CAMDEN,CAMDEN,148,2
NORTH CAROLINA,CAMDEN,SOUTH MILLS,0,0
NORTH CAROLINA,CHATHAM,PITTSBORO,1611,720
NORTH CAROLINA,CHATHAM,SILER CITY,778,232
NORTH CAROLINA,CUMBERLAND,FAYETTEVILLE,24750,8597
NORTH CAROLINA,CUMBERLAND,HOPE MILLS,1706,242
NORTH CAROLINA,CUMBERLAND,SPRING LAKE,1208,130
NORTH CAROLINA,DAVIDSON,LEXINGTON,4780,1411
NORTH CAROLINA,DAVIDSON,THOMASVILLE,2383,959
NORTH CAROLINA,EDGECOMBE,PINETOPS,0,0
NORTH CAROLINA,EDGECOMBE,TARBORO,1917,797
NORTH CAROLINA,FRANKLIN,BUNN,36,6
NORTH CAROLINA,FRANKLIN,FRANKLINTON,32,8
NORTH CAROLINA,FRANKLIN,LOUISBURG,2122,496
NORTH CAROLINA,FRANKLIN,YOUNGSVILLE,82,30
NORTH CAROLINA,GASTON,BELMONT,1096,578
NORTH CAROLINA,GASTON,BESSEMER CITY,195,52
NORTH CAROLINA,GASTON,CHERRYVILLE,382,156
NORTH CAROLINA,GASTON,CRAMERTON,0,2
NORTH CAROLINA,GASTON,DALLAS,0,0
NORTH CAROLINA,GASTON,GASTONIA,9323,3669
NORTH CAROLINA,GASTON,LOWELL,0,0
NORTH CAROLINA,GASTON,MOUNT HOLLY,667,211
NORTH CAROLINA,GASTON,RANLO,0,0
NORTH CAROLINA,GASTON,STANLEY,192,56
NORTH CAROLINA,GATES,GATESVILLE,0,0
NORTH CAROLINA,GUILFORD,GIBSONVILLE,202,76
NORTH CAROLINA,GUILFORD,GREENSBORO,25570,6869
NORTH CAROLINA,GUILFORD,HIGH POINT,9417,4377
NORTH CAROLINA,HARNETT,ANGIER,289,66
NORTH CAROLINA,HARNETT,COATS,64,16
NORTH CAROLINA,HARNETT,DUNN,0,0
NORTH CAROLINA,HARNETT,ERWIN,427,188
NORTH CAROLINA,HARNETT,LILLINGTON,4351,1421
NORTH CAROLINA,HERTFORD,AHOSKIE,668,288
NORTH CAROLINA,HERTFORD,MURFREESBORO,94,30
NORTH CAROLINA,HERTFORD,WINTON,496,124
NORTH CAROLINA,HOKE,RAEFORD,1306,232
NORTH CAROLINA,MACON,FRANKLIN,1384,252
NORTH CAROLINA,MACON,HIGHLANDS,134,66
NORTH CAROLINA,NEW HANOVER,CAROLINA BEACH,361,120
NORTH CAROLINA,NEW HANOVER,CASTLE HAYNE,3887,1090
NORTH CAROLINA,NEW HANOVER,KURE BEACH,0,0
NORTH CAROLINA,NEW HANOVER,WILMINGTON,11496,2817
NORTH CAROLINA,NEW HANOVER,WRIGHTSVILLE BCH,385,156
NORTH CAROLINA,PITT,AYDEN,448,134
NORTH CAROLINA,PITT,BETHEL,54,16
NORTH CAROLINA,PITT,FARMVILLE,402,150
NORTH CAROLINA,PITT,GREENVILLE,10435,3248
NORTH CAROLINA,PITT,GRIFTON,0,0
NORTH CAROLINA,PITT,WINTERVILLE,326,108
NORTH CAROLINA,SAMPSON,CLINTON,3090,747
NORTH CAROLINA,SAMPSON,NEWTON GROVE,0,0
NORTH CAROLINA,SAMPSON,SALEMBURG,0,0
NORTH CAROLINA,STOKES,DANBURY,1635,270
NORTH CAROLINA,STOKES,KING,523,226
NORTH CAROLINA,SWAIN,BRYSON CITY,450,103
NORTH CAROLINA,SWAIN,CHEROKEE,1416,142
NORTH CAROLINA,WAKE,APEX,1303,371
NORTH CAROLINA,WAKE,CARY,3621,1181
NORTH CAROLINA,WAKE,FUQUAY VARINA,1016,457
NORTH CAROLINA,WAKE,GARNER,2159,814
NORTH CAROLINA,WAKE,HOLLY SPRINGS,608,206
NORTH CAROLINA,WAKE,KNIGHTDALE,674,322
NORTH CAROLINA,WAKE,MORRISVILLE,534,100
NORTH CAROLINA,WAKE,RALEIGH,4278,897
NORTH CAROLINA,WAKE,RDU AIRPORT,257,41
NORTH CAROLINA,WAKE,ROLESVILLE,254,63
NORTH CAROLINA,WAKE,WAKE FOREST,2018,1019
NORTH CAROLINA,WAKE,WENDELL,250,72
NORTH CAROLINA,WAKE,ZEBULON,713,240
NORTH CAROLINA,WARREN,NORLINA,0,0
NORTH CAROLINA,WARREN,WARRENTON,710,116
NORTH CAROLINA,WAYNE,FREMONT,0,0
NORTH CAROLINA,WAYNE,GOLDSBORO,8235,1822
NORTH CAROLINA,WAYNE,MOUNT OLIVE,459,124
NORTH CAROLINA,WAYNE,PIKEVILLE,0,0
NORTH CAROLINA,WAYNE,SEVEN SPRINGS,0,0
NORTH CAROLINA,WILSON,BLACK CREEK,0,0
NORTH CAROLINA,WILSON,STANTONSBURG,0,0
NORTH CAROLINA,WILSON,WILSON,5766,2089
NORTH DAKOTA,ADAMS,HETTINGER,12,2
NORTH DAKOTA,BARNES,VALLEY CITY,523,110
NORTH DAKOTA,BENSON,FORT TOTTEN,131,129
NORTH DAKOTA,BENSON,MINNEWAUKAN,91,4
NORTH DAKOTA,BILLINGS,MEDORA,22,2
NORTH DAKOTA,CAVALIER,LANGDON,66,14
NORTH DAKOTA,DUNN,KILLDEER,24,6
NORTH DAKOTA,DUNN,MANNING,63,12
NORTH DAKOTA,LOGAN,NAPOLEON,16,8
NORTH DAKOTA,MCHENRY,TOWNER,100,10
NORTH DAKOTA,MCKENZIE,WATFORD CITY,728,118
NORTH DAKOTA,MORTON,MANDAN,2014,399
NORTH DAKOTA,PEMBINA,CAVALIER,198,7
NORTH DAKOTA,SLOPE,AMIDON,2,0
NORTH DAKOTA,STEELE,FINLEY,4,2
OHIO,BUTLER,FAIRFIELD,2312,803
OHIO,BUTLER,HAMILTON,11090,1600
OHIO,BUTLER,MIDDLETOWN,7102,2248
OHIO,BUTLER,MONROE,937,136
OHIO,BUTLER,NEW MIANI,4,0
OHIO,BUTLER,OXFORD,1568,296
OHIO,BUTLER,TRENTON,0,0
OHIO,BUTLER,WEST CHESTER,2794,700
OHIO,CLERMONT,AMELIA,66,28
OHIO,CLERMONT,BATAVIA,3073,760
OHIO,CLERMONT,BETHEL,202,32
OHIO,CLERMONT,CINCINNATI,2386,749
OHIO,CLERMONT,FELICITY,92,18
OHIO,CLERMONT,GOSHEN,351,103
OHIO,CLERMONT,MILFORD,1712,440
OHIO,CLERMONT,NEW RICHMOND,173,24
OHIO,CLERMONT,NEWTONSVILLE,0,0
OHIO,CLERMONT,OWENSVILLE,14,4
OHIO,CLERMONT,WILLIAMSBURG,132,10
OHIO,DELAWARE,DELAWARE,4278,1094
OHIO,DELAWARE,GALENA,0,0
OHIO,DELAWARE,OSTRANDER,2,0
OHIO,DELAWARE,POWELL,212,32
OHIO,DELAWARE,SHAWNEE HILLS,12,0
OHIO,DELAWARE,SUNBURY,108,2
OHIO,FAYETTE,WASHINGTON COURT HOUSE,2388,364
OHIO,HARDIN,ADA,78,2
OHIO,HARDIN,FOREST,38,0
OHIO,HARDIN,KENTON,1187,86
OHIO,HARRISON,CADIZ,335,54
OHIO,HARRISON,JEWETT,0,0
OHIO,HARRISON,NEW ATHENS,0,0
OHIO,HOLMES,GLENMONT,0,0
OHIO,HOLMES,HOLMESVILLE,419,104
OHIO,HOLMES,MILLERSBURG,188,30
OHIO,KNOX,DANVILLE,14,0
OHIO,KNOX,FREDERICKTOWN,94,10
OHIO,KNOX,MOUNT VERNON,1064,45
OHIO,KNOX,MT VERNON,1421,234
OHIO,LAWRENCE,CHESAPEAKE,20,10
OHIO,LAWRENCE,COAL GROVE,0,0
OHIO,LAWRENCE,HANGING ROCK,0,0
OHIO,LAWRENCE,IRONTON,2063,330
OHIO,LAWRENCE,SOUTH POINT,62,36
OHIO,MEIGS,MIDDLEPORT,43,4
OHIO,MEIGS,POMEROY,553,31
OHIO,MEIGS,RACINE,0,0
OHIO,MEIGS,RUTLAND,8,0
OHIO,MEIGS,SYRACUSE,0,0
OHIO,MERCER,CELINA,299,20
OHIO,MERCER,COLDWATER,40,4
OHIO,MERCER,FORT RECOVERY,14,2
OHIO,MERCER,ROCKFORD,18,0
OHIO,MERCER,SAINT HENRY,0,0
OHIO,MONROE,WOODSFIELD,147,13
OHIO,MORGAN,MCCONNELSVILLE,465,78
OHIO,PICKAWAY,ASHVILLE,136,12
OHIO,PICKAWAY,CIRCLEVILLE,2894,330
OHIO,PICKAWAY,COMMERCIAL POINT,24,0
OHIO,PICKAWAY,SOUTH BLOOMFIELD,72,2
OKLAHOMA,BLAINE,CANTON,0,0
OKLAHOMA,BLAINE,GEARY,84,10
OKLAHOMA,BLAINE,WATONGA,144,4
OKLAHOMA,CANADIAN,CONCHO,61,0
OKLAHOMA,CANADIAN,EL RENO,1202,212
OKLAHOMA,CANADIAN,MUSTANG,534,204
OKLAHOMA,CANADIAN,PIEDMONT,81,8
OKLAHOMA,CANADIAN,UNION CITY,46,2
OKLAHOMA,CANADIAN,YUKON,1133,300
OKLAHOMA,HARPER,BUFFALO,18,0
OKLAHOMA,LINCOLN,CARNEY,28,4
OKLAHOMA,LINCOLN,CHANDLER,697,100
OKLAHOMA,LINCOLN,DAVENPORT,33,5
OKLAHOMA,LINCOLN,MEEKER,88,32
OKLAHOMA,LINCOLN,PRAGUE,112,6
OKLAHOMA,LINCOLN,SPARKS,2,0
OKLAHOMA,LINCOLN,STROUD,218,30
OKLAHOMA,LINCOLN,TRYON,10,2
OKLAHOMA,MAYES,CHOUTEAU,12,0
OKLAHOMA,MAYES,LANGLEY,0,0
OKLAHOMA,MAYES,LOCUST GROVE,34,0
OKLAHOMA,MAYES,PRYOR,1277,203
OKLAHOMA,MAYES,SALINA,42,14
OKLAHOMA,MURRAY,DAVIS,195,26
OKLAHOMA,MURRAY,SULPHUR,337,30
OKLAHOMA,NOBLE,PERRY,435,40
OKLAHOMA,NOBLE,RED ROCK,44,16
OKLAHOMA,NOWATA,NOWATA,307,40
OKLAHOMA,NOWATA,SO. COFFEYVILLE,26,2
OKLAHOMA,OTTAWA,COMMERCE,6,2
OKLAHOMA,OTTAWA,MIAMI,531,74
OKLAHOMA,OTTAWA,"MIAMI,",90,6
OKLAHOMA,OTTAWA,PICHER,164,10
OKLAHOMA,OTTAWA,WYANDOTTE,252,22
OKLAHOMA,PITTSBURG,HAILEYVILLE,2,2
OKLAHOMA,PITTSBURG,HARTSHORNE,76,16
OKLAHOMA,PITTSBURG,KIOWA,1,0
OKLAHOMA,PITTSBURG,KREBS,127,14
OKLAHOMA,PITTSBURG,"MC ALESTER,",0,0
OKLAHOMA,PITTSBURG,MCALESTER,2701,408
OKLAHOMA,PONTOTOC,ADA,3820,1415
OKLAHOMA,PONTOTOC,ALLEN,18,2
OKLAHOMA,PONTOTOC,STONEWALL,8,0
OKLAHOMA,SEMINOLE,KONAWA,5,1
OKLAHOMA,SEMINOLE,SEMINOLE,626,139
OKLAHOMA,SEMINOLE,"SEMINOLE,",8,0
OKLAHOMA,SEMINOLE,WEWOKA,730,66
OKLAHOMA,STEPHENS,COMANCHE,83,2
OKLAHOMA,STEPHENS,DUNCAN,2524,222
OKLAHOMA,STEPHENS,MARLOW,216,4
OREGON,DOUGLAS,MYRTLE CREEK,228,88
OREGON,DOUGLAS,REEDSPORT,300,70
OREGON,DOUGLAS,ROSEBURG,4932,1272
OREGON,DOUGLAS,SUTHERLIN,388,142
OREGON,DOUGLAS,WINSTON,388,108
OREGON,KLAMATH,KLAMATH FALLS,1852,828
OREGON,KLAMATH,MALIN,2,0
OREGON,MULTNOMAH,GRESHAM,7032,851
OREGON,MULTNOMAH,PORTLAND,77848,8593
OREGON,POLK,DALLAS,1324,400
OREGON,POLK,INDEPENDENCE,407,97
OREGON,POLK,MONMOUTH,426,116
OREGON,TILLAMOOK,MANZANITA,22,8
OREGON,TILLAMOOK,ROCKAWAY BEACH,138,38
OREGON,TILLAMOOK,TILLAMOOK,742,191
PENNSYLVANIA,BLAIR,ALTOONA,2426,956
PENNSYLVANIA,BLAIR,BELLWOOD,82,6
PENNSYLVANIA,BLAIR,CLAYSBURG,57,19
PENNSYLVANIA,BLAIR,DUNCANSVILLE,476,248
PENNSYLVANIA,BLAIR,EAST FREEDOM,141,2
PENNSYLVANIA,BLAIR,HARRISBURG,1,0
PENNSYLVANIA,BLAIR,HOLLIDAYSBURG,418,202
PENNSYLVANIA,BLAIR,MARTINSBURG,58,18
PENNSYLVANIA,BLAIR,ROARING SPRING,33,4
PENNSYLVANIA,BLAIR,TYRONE,242,126
PENNSYLVANIA,BLAIR,WILLIAMSBURG,10,0
PENNSYLVANIA,BUCKS,BEDMINSTER,62,34
PENNSYLVANIA,BUCKS,BENSALEM,3402,1440
PENNSYLVANIA,BUCKS,BRISTOL,3072,449
PENNSYLVANIA,BUCKS,BUCKINGHAM,192,24
PENNSYLVANIA,BUCKS,CHALFONT,120,42
PENNSYLVANIA,BUCKS,DOYLESTOWN,406,178
PENNSYLVANIA,BUCKS,DUBLIN,32,18
PENNSYLVANIA,BUCKS,FAIRLESS HILLS,1580,488
PENNSYLVANIA,BUCKS,FEASTERVILLE TREVOSE,771,174
PENNSYLVANIA,BUCKS,HARRISBURG,0,0
PENNSYLVANIA,BUCKS,HILLTOWN,482,242
PENNSYLVANIA,BUCKS,HULMEVILLE,12,0
PENNSYLVANIA,BUCKS,JAMISON,180,30
PENNSYLVANIA,BUCKS,LANGHORNE,1921,718
PENNSYLVANIA,BUCKS,MORRISVILLE,1251,290
PENNSYLVANIA,BUCKS,NEW HOPE,74,22
PENNSYLVANIA,BUCKS,NEWTOWN,574,84
PENNSYLVANIA,BUCKS,PENNDEL BOROUGH,52,14
PENNSYLVANIA,BUCKS,PERKASIE,999,338
PENNSYLVANIA,BUCKS,PIPERSVILLE,26,6
PENNSYLVANIA,BUCKS,PLUMSTEADVILLE,224,116
PENNSYLVANIA,BUCKS,QUAKERTOWN,1085,470
PENNSYLVANIA,BUCKS,RICHBORO,456,126
PENNSYLVANIA,BUCKS,SELLERSVILLE,122,32
PENNSYLVANIA,BUCKS,SOLEBURY,92,24
PENNSYLVANIA,BUCKS,SOUTHAMPTON,249,72
PENNSYLVANIA,BUCKS,UPPER BLACK EDDY,18,18
PENNSYLVANIA,BUCKS,WARMINSTER,814,302
PENNSYLVANIA,BUCKS,WARRINGTON,570,247
PENNSYLVANIA,BUTLER,BUTLER,3265,1179
PENNSYLVANIA,BUTLER,CALLERY,0,0
PENNSYLVANIA,BUTLER,CRANBERRY TWP,814,526
PENNSYLVANIA,BUTLER,HARMONY,38,12
PENNSYLVANIA,BUTLER,HARRISBURG,0,0
PENNSYLVANIA,BUTLER,HARRISVILLE,4,0
PENNSYLVANIA,BUTLER,MARS,102,28
PENNSYLVANIA,BUTLER,PORTERSVILLE,22,4
PENNSYLVANIA,BUTLER,PROSPECT,0,0
PENNSYLVANIA,BUTLER,SARVER,188,22
PENNSYLVANIA,BUTLER,SAXONBURG,0,0
PENNSYLVANIA,BUTLER,SLIPPERY ROCK,132,44
PENNSYLVANIA,BUTLER,VALENCIA,64,18
PENNSYLVANIA,BUTLER,ZELIENOPLE,158,46
PENNSYLVANIA,ELK,HARRISBURG,1,0
PENNSYLVANIA,ELK,JOHNSONBURG,86,86
PENNSYLVANIA,ELK,RIDGWAY,560,244
PENNSYLVANIA,ELK,SAINT MARYS,426,244
PENNSYLVANIA,INDIANA,BLAIRSVILLE,190,74
PENNSYLVANIA,INDIANA,CHERRY TREE,0,0
PENNSYLVANIA,INDIANA,CLYMER,0,0
PENNSYLVANIA,INDIANA,HARRISBUG,3,0
PENNSYLVANIA,INDIANA,HARRISBURG,0,0
PENNSYLVANIA,INDIANA,HOMER CITY,12,2
PENNSYLVANIA,INDIANA,INDIANA,878,512
PENNSYLVANIA,INDIANA,PA,1628,801
PENNSYLVANIA,INDIANA,PENN RUN,16,2
PENNSYLVANIA,INDIANA,PHILADELPHIA,129854,31802
PENNSYLVANIA,INDIANA,SALTSBURG,8,6
PENNSYLVANIA,JEFFERSON,BROCKWAY,52,8
PENNSYLVANIA,JEFFERSON,BROOKVILLE,100,46
PENNSYLVANIA,JEFFERSON,FALLS CREEK,501,186
PENNSYLVANIA,JEFFERSON,HARRISBURG,0,0
PENNSYLVANIA,JEFFERSON,PUNXSUTAWNEY,86,26
PENNSYLVANIA,JEFFERSON,REYNOLDSVILLE,34,36
PENNSYLVANIA,JEFFERSON,SIGEL,0,0
PENNSYLVANIA,JEFFERSON,SYKESVILLE,0,0
PENNSYLVANIA,LAWRENCE,BESSEMER,2,2
PENNSYLVANIA,LAWRENCE,ELLWOOD CITY,356,194
PENNSYLVANIA,LAWRENCE,ENON VALLEY,0,0
PENNSYLVANIA,LAWRENCE,HARRISBURG,3,0
PENNSYLVANIA,LAWRENCE,HILLSVILLE,18,8
PENNSYLVANIA,LAWRENCE,NEW CASTLE,2603,819
PENNSYLVANIA,LAWRENCE,NEW GALILEE,2,2
PENNSYLVANIA,LAWRENCE,NEW WILMINGTON,46,12
PENNSYLVANIA,LAWRENCE,PULASKI,40,18
PENNSYLVANIA,LAWRENCE,WAMPUM,8,2
PENNSYLVANIA,LUZERNE,AVOCA,56,24
PENNSYLVANIA,LUZERNE,BENTON,0,0
PENNSYLVANIA,LUZERNE,BERWICK,104,20
PENNSYLVANIA,LUZERNE,CONYNGHAM,34,16
PENNSYLVANIA,LUZERNE,COURTDALE,4,0
PENNSYLVANIA,LUZERNE,DALLAS,212,86
PENNSYLVANIA,LUZERNE,DRUMS,182,64
PENNSYLVANIA,LUZERNE,DUPONT,76,12
PENNSYLVANIA,LUZERNE,DURYEA,175,31
PENNSYLVANIA,LUZERNE,EDWARDSVILLE,344,42
PENNSYLVANIA,LUZERNE,EXETER,390,132
PENNSYLVANIA,LUZERNE,FORTY FORT,114,20
PENNSYLVANIA,LUZERNE,FREELAND,0,0
PENNSYLVANIA,LUZERNE,HARRISBURG,35,0
PENNSYLVANIA,LUZERNE,HARVEYS LAKE,32,0
PENNSYLVANIA,LUZERNE,HAZLETON,2625,871
PENNSYLVANIA,LUZERNE,KINGSTON,535,136
PENNSYLVANIA,LUZERNE,LARKSVILLE,111,21
PENNSYLVANIA,LUZERNE,LEHMAN,76,20
PENNSYLVANIA,LUZERNE,MOUNTAIN TOP,230,26
PENNSYLVANIA,LUZERNE,NANTICOKE,512,150
PENNSYLVANIA,LUZERNE,NESCOPECK,26,2
PENNSYLVANIA,LUZERNE,PITTSTON,862,248
PENNSYLVANIA,LUZERNE,PLYMOUTH,324,138
PENNSYLVANIA,LUZERNE,PRINGLE,80,44
PENNSYLVANIA,LUZERNE,SHAVERTOWN,142,82
PENNSYLVANIA,LUZERNE,SUGAR NOTCH,22,2
PENNSYLVANIA,LUZERNE,SWOYERSVILLE,188,22
PENNSYLVANIA,LUZERNE,SYBERTSVILLE,102,12
PENNSYLVANIA,LUZERNE,WEST WYOMING,90,6
PENNSYLVANIA,LUZERNE,WHITE HAVEN,28,12
PENNSYLVANIA,LUZERNE,WILKES BARRE,5247,1702
PENNSYLVANIA,LUZERNE,WYOMING,260,76
PENNSYLVANIA,MERCER,GREENVILLE,662,218
PENNSYLVANIA,MERCER,GROVE CITY,218,108
PENNSYLVANIA,MERCER,HARRISBURG,0,0
PENNSYLVANIA,MERCER,HERMITAGE,1034,614
PENNSYLVANIA,MERCER,JAMESTOWN,10,6
PENNSYLVANIA,MERCER,MERCER,796,330
PENNSYLVANIA,MERCER,SANDY LAKE,30,14
PENNSYLVANIA,MERCER,SHARON,959,183
PENNSYLVANIA,MERCER,SHARPSVILLE,164,30
PENNSYLVANIA,MERCER,STONEBORO,0,0
PENNSYLVANIA,MERCER,TRANSFER,176,104
PENNSYLVANIA,MERCER,WEST MIDDLESEX,122,26
PENNSYLVANIA,MIFFLIN,HARRISBURG,1,0
PENNSYLVANIA,MIFFLIN,LEWISTOWN,841,202
PENNSYLVANIA,MIFFLIN,MILROY,44,6
PENNSYLVANIA,MIFFLIN,YEAGERTOWN,592,168
PENNSYLVANIA,NORTHAMPTON,BANGOR,377,109
PENNSYLVANIA,NORTHAMPTON,BATH,150,82
PENNSYLVANIA,NORTHAMPTON,BETHLEHEM,6165,2237
PENNSYLVANIA,NORTHAMPTON,CATASAUQUA,91,4
PENNSYLVANIA,NORTHAMPTON,EASTON,3087,810
PENNSYLVANIA,NORTHAMPTON,EON,0,0
PENNSYLVANIA,NORTHAMPTON,HARRISBURG,0,0
PENNSYLVANIA,NORTHAMPTON,HELLERTOWN,134,44
PENNSYLVANIA,NORTHAMPTON,NAZARETH,309,54
PENNSYLVANIA,NORTHAMPTON,NORTHAMPTON,233,66
PENNSYLVANIA,NORTHAMPTON,PORTLAND,10,2
PENNSYLVANIA,NORTHAMPTON,ROESTO,28,22
PENNSYLVANIA,NORTHAMPTON,STOCKERTOWN,0,0
PENNSYLVANIA,NORTHAMPTON,TATAMY,4,2
PENNSYLVANIA,NORTHAMPTON,WALNUTPORT,188,72
PENNSYLVANIA,NORTHAMPTON,WIND GAP,0,0
PENNSYLVANIA,POTTER,COUDERSPORT,344,150
PENNSYLVANIA,POTTER,GALETON,54,22
PENNSYLVANIA,POTTER,HARRISBURG,1,0
PENNSYLVANIA,POTTER,SHINGLEHOUSE,8,8
PENNSYLVANIA,TIOGA,BLOSSBURG,10,10
PENNSYLVANIA,TIOGA,ELKLAND,126,126
PENNSYLVANIA,TIOGA,GAINES,12,6
PENNSYLVANIA,TIOGA,HARRISBURG,0,0
PENNSYLVANIA,TIOGA,LAWRENCEVILLE,12,8
PENNSYLVANIA,TIOGA,MANSFIELD,694,368
PENNSYLVANIA,TIOGA,TIOGA,8,2
PENNSYLVANIA,TIOGA,WELLSBORO,48,26
PENNSYLVANIA,TIOGA,WESTFIELD,10,10
PENNSYLVANIA,WARREN,CLARENDON,8,0
PENNSYLVANIA,WARREN,HARRISBURG,3,0
PENNSYLVANIA,WARREN,TIDIOUTE,4,0
PENNSYLVANIA,WARREN,WARREN,1277,490
PENNSYLVANIA,WARREN,YOUNGSVILLE,28,10
PENNSYLVANIA,WASHINGTON,AVELLA,10,6
PENNSYLVANIA,WASHINGTON,BEALLSVILLE,0,0
PENNSYLVANIA,WASHINGTON,BELLE VERNON,130,6
PENNSYLVANIA,WASHINGTON,BENTLEYVILLE,0,0
PENNSYLVANIA,WASHINGTON,BROWNSVILLE,40,16
PENNSYLVANIA,WASHINGTON,BURGETTSTOWN,80,32
PENNSYLVANIA,WASHINGTON,CALIFORNIA,263,74
PENNSYLVANIA,WASHINGTON,CANONSBURG,714,231
PENNSYLVANIA,WASHINGTON,CECIL,144,26
PENNSYLVANIA,WASHINGTON,CLAYSVILLE,59,26
PENNSYLVANIA,WASHINGTON,CROSS FORK,0,0
PENNSYLVANIA,WASHINGTON,DAISYTOWN,6,2
PENNSYLVANIA,WASHINGTON,DONORA,114,48
PENNSYLVANIA,WASHINGTON,FREDERICKTOWN,68,28
PENNSYLVANIA,WASHINGTON,HARRISBURG,0,0
PENNSYLVANIA,WASHINGTON,HICKORY,40,10
PENNSYLVANIA,WASHINGTON,HOUSTON,170,88
PENNSYLVANIA,WASHINGTON,MC DONALD,32,8
PENNSYLVANIA,WASHINGTON,MCDONALD,88,30
PENNSYLVANIA,WASHINGTON,MIDWAY,22,8
PENNSYLVANIA,WASHINGTON,MONONGAHELA,384,222
PENNSYLVANIA,WASHINGTON,SLOVAN,0,0
PENNSYLVANIA,WASHINGTON,STOCKDALE,28,2
PENNSYLVANIA,WASHINGTON,WASHINGTON,4175,1749
PENNSYLVANIA,WASHINGTON,WEST BROWNSVILLE,16,14
RHODE ISLAND,BRISTOL,BARRINGTON,244,24
RHODE ISLAND,BRISTOL,BRISTOL,336,76
RHODE ISLAND,BRISTOL,WARREN,380,32
RHODE ISLAND,KENT,COVENTRY,407,189
RHODE ISLAND,KENT,EAST GREENWICH,188,34
RHODE ISLAND,KENT,WARWICK,3445,1039
RHODE ISLAND,KENT,WEST GREENWICH,89,8
RHODE ISLAND,KENT,WEST WARWICK,787,204
SOUTH CAROLINA,CALHOUN,BLYTHEWOOD,0,0
SOUTH CAROLINA,CALHOUN,CAMERON,4,0
SOUTH CAROLINA,CALHOUN,COLUMBIA,0,0
SOUTH CAROLINA,CALHOUN,SAINT MATTHEWS,487,131
SOUTH CAROLINA,CALHOUN,ST. MATTHEWS,186,26
SOUTH CAROLINA,COLLETON,BLYTHEWOOD,0,0
SOUTH CAROLINA,COLLETON,COLUMBIA,2,0
SOUTH CAROLINA,COLLETON,COTTAGEVILLE,52,4
SOUTH CAROLINA,COLLETON,EDISTO BEACH,78,12
SOUTH CAROLINA,COLLETON,WALTERBORO,3092,733
SOUTH CAROLINA,DARLINGTON,BLYTHEWOOD,0,0
SOUTH CAROLINA,DARLINGTON,COLUMBIA,0,0
SOUTH CAROLINA,DARLINGTON,DARLINGTON,5247,970
SOUTH CAROLINA,DARLINGTON,HARTSVILLE,1949,797
SOUTH CAROLINA,DARLINGTON,LAMAR,60,6
SOUTH CAROLINA,DARLINGTON,SOCIETY HILL,8,0
SOUTH CAROLINA,LAURENS,BLYTHEWOOD,0,0
SOUTH CAROLINA,LAURENS,CLINTON,957,395
SOUTH CAROLINA,LAURENS,COLUMBIA,1,0
SOUTH CAROLINA,LAURENS,LAURENS,3266,1099
SOUTH CAROLINA,LEE,BISHOPVILLE,1161,150
SOUTH CAROLINA,LEE,BLYTHEWOOD,0,0
SOUTH CAROLINA,LEE,COLUMBIA,0,0
SOUTH CAROLINA,MARLBORO,BENNETTSVILLE,2256,274
SOUTH CAROLINA,MARLBORO,BLYTHEWOOD,0,0
SOUTH CAROLINA,MARLBORO,CLIO,68,6
SOUTH CAROLINA,MARLBORO,COLUMBIA,2,0
SOUTH CAROLINA,MARLBORO,MCCOLL,231,42
SOUTH CAROLINA,NEWBERRY,BLYTHEWOOD,0,0
SOUTH CAROLINA,NEWBERRY,COLUMBIA,0,0
SOUTH CAROLINA,NEWBERRY,NEWBERRY,1687,1001
SOUTH CAROLINA,NEWBERRY,PROSPERITY,30,8
SOUTH CAROLINA,NEWBERRY,WHITMIRE,102,60
SOUTH DAKOTA,BUFFALO,FORT THOMPSON,236,40
SOUTH DAKOTA,BUFFALO,GANN VALLEY,0,0
SOUTH DAKOTA,CHARLES MIX,LAKE ANDES,85,26
SOUTH DAKOTA,CHARLES MIX,PLATTE,0,0
SOUTH DAKOTA,CHARLES MIX,WAGNER,66,62
SOUTH DAKOTA,DEUEL,CLEAR LAKE,56,10
SOUTH DAKOTA,DOUGLAS,ARMOUR,12,8
SOUTH DAKOTA,EDMUNDS,IPSWICH,8,8
SOUTH DAKOTA,HAND,MILLER,40,10
SOUTH DAKOTA,KINGSBURY,DE SMET,0,0
SOUTH DAKOTA,LAKE,MADISON,160,46
SOUTH DAKOTA,MEADE,BLACKHAWK,41,2
SOUTH DAKOTA,MEADE,FAITH,0,0
SOUTH DAKOTA,MEADE,STURGIS,532,125
SOUTH DAKOTA,MELLETTE,WHITE RIVER,0,0
SOUTH DAKOTA,ROBERTS,AGENCY VILLAGE,93,85
SOUTH DAKOTA,ROBERTS,ROSHOLT,2,2
SOUTH DAKOTA,ROBERTS,SISSETON,72,66
SOUTH DAKOTA,TURNER,CENTERVILLE,0,0
SOUTH DAKOTA,TURNER,PARKER,122,10
SOUTH DAKOTA,TURNER,VIBORG,6,6
TENNESSEE,BEDFORD,SHELBYVILLE,2450,901
TENNESSEE,BEDFORD,WARTRACE,6,0
TENNESSEE,CANNON,WOODBURY,380,102
TENNESSEE,DYER,DYERSBURG,3506,881
TENNESSEE,DYER,NEWBERN,240,66
TENNESSEE,DYER,TRIMBLE,0,0
TENNESSEE,GREENE,BAILEYTON,44,23
TENNESSEE,GREENE,GREENEVILLE,3588,1130
TENNESSEE,GREENE,LIMESTONE,0,0
TENNESSEE,HANCOCK,SNEEDVILLE,267,44
TENNESSEE,HICKMAN,CENTERVILLE,1273,416
TENNESSEE,HUMPHREYS,MCEWEN,50,26
TENNESSEE,HUMPHREYS,NEW JOHNSONVILLE,50,10
TENNESSEE,HUMPHREYS,WAVERLY,721,231
TENNESSEE,LOUDON,LENOIR CITY,1971,625
TENNESSEE,LOUDON,LOUDON,160,84
TENNESSEE,MORGAN,SUNBRIGHT,0,0
TENNESSEE,MORGAN,WARTBURG,796,164
TENNESSEE,PERRY,LINDEN,327,48
TENNESSEE,PICKETT,BYRDSTOWN,138,39
TENNESSEE,PICKETT,JAMESTOWN,0,0
TENNESSEE,ROBERTSON,CROSS PLAINS,52,22
TENNESSEE,ROBERTSON,GREENBRIER,172,58
TENNESSEE,ROBERTSON,RIDGETOP,36,10
TENNESSEE,ROBERTSON,SPRINGFIELD,1985,927
TENNESSEE,SEVIER,GATLINBURG,697,136
TENNESSEE,SEVIER,PIGEON FORGE,1087,194
TENNESSEE,SEVIER,SEVIERVILLE,4621,1393
TENNESSEE,SMITH,CARTHAGE,514,134
TENNESSEE,SMITH,GORDONSVILLE,40,10
TENNESSEE,SMITH,SOUTH CARTHAGE,48,16
TENNESSEE,STEWART,CUMBERLAND CITY,6,2
TENNESSEE,STEWART,DOVER,478,212
TENNESSEE,UNION,LUTTRELL,58,28
TENNESSEE,UNION,MAYNARDVILLE,962,288
TENNESSEE,WEAKLEY,DRESDEN,387,128
TENNESSEE,WEAKLEY,GLEASON,64,8
TENNESSEE,WEAKLEY,GREENFIELD,94,42
TENNESSEE,WEAKLEY,MARTIN,696,222
TENNESSEE,WEAKLEY,SHARON,46,22
TEXAS,ANGELINA,DIBOLL,108,29
TEXAS,ANGELINA,HUDSON,66,6
TEXAS,ANGELINA,HUNTINGTON,100,44
TEXAS,ANGELINA,LUFKIN,4622,1552
TEXAS,ARMSTRONG,CLAUDE,26,0
TEXAS,AUSTIN,BELLVILLE,490,68
TEXAS,AUSTIN,SEALY,412,180
TEXAS,AUSTIN,WALLIS,30,10
TEXAS,BAILEY,MULESHOE,258,28
TEXAS,BAYLOR,SEYMOUR,136,44
TEXAS,CARSON,PANHANDLE,165,61
TEXAS,CHILDRESS,CHILDRESS,20,4
TEXAS,COLLIN,ALLEN,2446,422
TEXAS,COLLIN,ANNA,286,58
TEXAS,COLLIN,CELINA,145,42
TEXAS,COLLIN,FAIRVIEW,110,0
TEXAS,COLLIN,FARMERSVILLE,132,86
TEXAS,COLLIN,FRISCO,5101,639
TEXAS,COLLIN,JOSEPHINE,2,0
TEXAS,COLLIN,LAVON,28,2
TEXAS,COLLIN,MCKINNEY,5907,1041
TEXAS,COLLIN,MELISSA,182,42
TEXAS,COLLIN,MURPHY,323,32
TEXAS,COLLIN,PARKER,54,2
TEXAS,COLLIN,PLANO,11794,2399
TEXAS,COLLIN,PRINCETON,414,92
TEXAS,COLLIN,PROSPER,476,12
TEXAS,COLLIN,WYLIE,936,195
TEXAS,CONCHO,PAINT ROCK,30,8
TEXAS,DELTA,COOPER,60,11
TEXAS,DICKENS,DICKENS,26,4
TEXAS,DICKENS,SPUR,49,28
TEXAS,EASTLAND,CISCO,116,0
TEXAS,EASTLAND,EASTLAND,388,186
TEXAS,EASTLAND,GORMAN,50,2
TEXAS,EASTLAND,RANGER,134,30
TEXAS,EASTLAND,RISING STAR,0,0
TEXAS,ECTOR,ODESSA,14797,6447
TEXAS,FALLS,LOTT,0,0
TEXAS,FALLS,MARLIN,258,18
TEXAS,FALLS,ROSEBUD,0,0
TEXAS,GAINES,SEAGRAVES,110,18
TEXAS,GAINES,SEMINOLE,401,92
TEXAS,GILLESPIE,FREDERICKSBURG,569,144
TEXAS,GREGG,GLADEWATER,481,46
TEXAS,GREGG,KILGORE,1175,465
TEXAS,GREGG,LONGVIEW,8954,1518
TEXAS,GREGG,WHITE OAK,254,54
TEXAS,HALE,ABERNATHY,120,20
TEXAS,HALE,HALE CENTER,0,0
TEXAS,HALE,PLAINVIEW,1880,285
TEXAS,HANSFORD,SPEARMAN,38,26
TEXAS,HOPKINS,CUMBY,4,2
TEXAS,HOPKINS,SULPHUR SPRINGS,788,388
TEXAS,HUNT,CADDO MILLS,54,42
TEXAS,HUNT,COMMERCE,606,138
TEXAS,HUNT,GREENVILLE,3407,1274
TEXAS,HUNT,QUINLAN,0,0
TEXAS,HUNT,WEST TAWAKONI,16,6
TEXAS,HUNT,WOLFE CITY,0,0
TEXAS,JACK,JACKSBORO,296,42
TEXAS,JEFFERSON,BEAUMONT,13861,4583
TEXAS,JEFFERSON,GROVES,939,281
TEXAS,JEFFERSON,NEDERLAND,908,288
TEXAS,JEFFERSON,PORT ARTHUR,4390,1494
TEXAS,JEFFERSON,PORT NECHES,458,153
TEXAS,JIM HOGG,HEBBRONVILLE,22,22
TEXAS,JONES,ANSON,210,84
TEXAS,JONES,HAMLIN,60,10
TEXAS,JONES,HAWLEY,10,8
TEXAS,JONES,STAMFORD,134,55
TEXAS,KERR,INGRAM,90,24
TEXAS,KERR,KERRVILLE,2049,645
TEXAS,LA SALLE,COTULLA,124,14
TEXAS,LA SALLE,ENCINAL,0,0
TEXAS,LAMB,LITTLEFIELD,557,86
TEXAS,LAMB,OLTON,25,0
TEXAS,LAMB,SUDAN,0,0
TEXAS,LAMPASAS,KEMPNER,0,0
TEXAS,LAMPASAS,LAMPASAS,478,32
TEXAS,LAMPASAS,LOMETA,0,0
TEXAS,LEON,CENTERVILLE,470,110
TEXAS,LEON,JEWETT,0,0
TEXAS,LEON,NORMANGEE,48,14
TEXAS,LOVING,MENTONE,22,0
TEXAS,MADISON,MADISONVILLE,658,316
TEXAS,MAVERICK,EAGLE PASS,2553,246
TEXAS,MITCHELL,COLORADO CITY,234,26
TEXAS,NACOGDOCHES,NACOGDOCHES,2784,958
TEXAS,OLDHAM,VEGA,22,12
TEXAS,PECOS,FORT STOCKTON,672,144
TEXAS,REFUGIO,REFUGIO,194,108
TEXAS,ROCKWALL,HEATH,112,12
TEXAS,ROCKWALL,ROCKWALL,1884,378
TEXAS,ROCKWALL,ROYSE CITY,270,104
TEXAS,SAN SABA,SAN SABA,65,2
TEXAS,SCURRY,SNYDER,784,200
TEXAS,SHACKELFORD,ALBANY,68,8
TEXAS,SUTTON,SONORA,93,16
TEXAS,THROCKMORTON,THROCKMORTON,0,0
TEXAS,VICTORIA,VICTORIA,6407,1093
TEXAS,WALKER,HUNTSVILLE,2599,827
TEXAS,WILSON,FLORESVILLE,1068,466
TEXAS,WILSON,LA VERNIA,56,12
TEXAS,WILSON,POTH,28,0
TEXAS,WINKLER,KERMIT,154,32
TEXAS,WINKLER,WINK,20,2
UTAH,CACHE,LOGAN,2394,867
UTAH,CACHE,NORTH LOGAN,434,224
UTAH,CACHE,SMITHFIELD,86,12
UTAH,CARBON,EAST CARBON,46,10
UTAH,CARBON,HELPER,74,22
UTAH,CARBON,PRICE,955,425
UTAH,CARBON,WELLINGTON,0,0
UTAH,PIUTE,JUNCTION,30,6
VERMONT,BENNINGTON,BENNINGTON,828,330
VERMONT,BENNINGTON,BONDVILLE,10,6
VERMONT,BENNINGTON,MANCHESTER,170,58
VERMONT,BENNINGTON,SHAFTSBURY,264,52
VERMONT,FRANKLIN,SAINT ALBANS,130,16
VERMONT,FRANKLIN,SAINT ALBANS BAY,498,98
VERMONT,FRANKLIN,ST. ALBANS,981,330
VERMONT,FRANKLIN,SWANTON,44,0
VERMONT,GRAND ISLE,NORTH HERO,90,16
VERMONT,WASHINGTON,BARRE,700,180
VERMONT,WASHINGTON,BERLIN,248,128
VERMONT,WASHINGTON,MIDDLESEX,468,82
VERMONT,WASHINGTON,MONTPELIER,485,101
VERMONT,WASHINGTON,NORTHFIELD,40,8
VERMONT,WASHINGTON,WATERBURY,20,16
VERMONT,WASHINGTON,WEBSTERVILLE,222,50
VERMONT,WINDHAM,BELLOWS FALLS,115,15
VERMONT,WINDHAM,BRATTLEBORO,989,236
VERMONT,WINDHAM,NEWFANE,52,12
VERMONT,WINDHAM,WEST DOVER,130,6
VERMONT,WINDHAM,WILMINGTON,60,20
VIRGINIA,ALLEGHANY,CLIFTON FORGE,175,50
VIRGINIA,ALLEGHANY,COVINGTON,163,49
VIRGINIA,APPOMATTOX,APPOMATTOX,306,80
VIRGINIA,ARLINGTON,ARLINGTON,8147,1656
VIRGINIA,BLAND,BLAND,106,12
VIRGINIA,BLAND,WYTHEVILLE,16,4
VIRGINIA,BOTETOURT,FINCASTLE,538,274
VIRGINIA,BOTETOURT,NATURAL BRIDGE,11,0
VIRGINIA,BRUNSWICK,EMPORIA,6,2
VIRGINIA,BRUNSWICK,LAWRENCEVILLE,228,58
VIRGINIA,CARROLL,GALAX,37,10
VIRGINIA,CARROLL,HILLSVILLE,886,140
VIRGINIA,CHARLES CITY,CHARLES CITY,99,25
VIRGINIA,CHARLES CITY,WEST POINT,0,0
VIRGINIA,FRANKLIN,BEDFORD,18,11
VIRGINIA,FRANKLIN,FERRUM,50,4
VIRGINIA,FRANKLIN,ROCKY MOUNT,1573,661
VIRGINIA,GLOUCESTER,GLOUCESTER,1102,428
VIRGINIA,LOUISA,LOUISA,954,112
VIRGINIA,LOUISA,MINERAL,17,10
VIRGINIA,LUNENBURG,KENBRIDGE,8,8
VIRGINIA,LUNENBURG,LUNENBURG,121,16
VIRGINIA,LUNENBURG,SOUTH HILL,12,0
VIRGINIA,LUNENBURG,VICTORIA,54,16
VIRGINIA,RICHMOND,RICHMOND,34,2
VIRGINIA,RICHMOND,WARSAW,130,38
VIRGINIA,ROANOKE,ROANOKE,2697,1179
VIRGINIA,ROANOKE,SALEM,18,6
VIRGINIA,ROANOKE,VINTON,466,84
VIRGINIA,RUSSELL,HONAKER,53,16
VIRGINIA,RUSSELL,LEBANON,758,355
VIRGINIA,RUSSELL,POUNDING MILL,35,10
VIRGINIA,WASHINGTON,ABINGDON,2000,655
VIRGINIA,WASHINGTON,DAMASCUS,62,22
VIRGINIA,WASHINGTON,GLADE SPRING,28,2
VIRGINIA,WISE,APPALACHIA,50,18
VIRGINIA,WISE,BIG STONE GAP,318,94
VIRGINIA,WISE,COEBURN,68,30
VIRGINIA,WISE,POUND,30,12
VIRGINIA,WISE,ST. PAUL,86,12
VIRGINIA,WISE,WISE,820,161
VIRGINIA,WYTHE,RURAL RETREAT,10,0
VIRGINIA,WYTHE,WYTHEVILLE,852,286
VIRGINIA,YORK,WILLIAMSBURG,2,4
VIRGINIA,YORK,YORKTOWN,2803,1049
WASHINGTON,ADAMS,OTHELLO,523,152
WASHINGTON,ADAMS,RITZVILLE,630,86
WASHINGTON,ASOTIN,ASOTIN,419,39
WASHINGTON,ASOTIN,CLARKSTON,1167,371
WASHINGTON,CLALLAM,FORKS,143,73
WASHINGTON,CLALLAM,LA PUSH,32,16
WASHINGTON,CLALLAM,NEAH BAY,2,10
WASHINGTON,CLALLAM,PORT ANGELES,3592,886
WASHINGTON,CLALLAM,SEQUIM,560,250
WASHINGTON,KING,ALGONA,102,6
WASHINGTON,KING,AUBURN,7939,846
WASHINGTON,KING,BELLEVUE,9587,1851
WASHINGTON,KING,BLACK DIAMOND,112,22
WASHINGTON,KING,BOTHELL,2537,254
WASHINGTON,KING,CARNATION,84,15
WASHINGTON,KING,CLYDE HILL,134,4
WASHINGTON,KING,COVINGTON,1380,362
WASHINGTON,KING,DES MOINES,2837,252
WASHINGTON,KING,DUVALL,100,0
WASHINGTON,KING,ENUMCLAW,617,109
WASHINGTON,KING,FEDERAL WAY,12976,2080
WASHINGTON,KING,ISSAQUAH,2374,381
WASHINGTON,KING,KENMORE,655,53
WASHINGTON,KING,KENT,15829,2078
WASHINGTON,KING,KIRKLAND,4200,399
WASHINGTON,KING,LAKE FOREST PARK,528,30
WASHINGTON,KING,MAPLE VALLEY,770,100
WASHINGTON,KING,MEDINA,160,4
WASHINGTON,KING,MERCER ISLAND,1081,39
WASHINGTON,KING,NEWCASTLE,538,46
WASHINGTON,KING,NORMANDY PARK,350,58
WASHINGTON,KING,NORTH BEND,313,80
WASHINGTON,KING,PACIFIC,306,22
WASHINGTON,KING,REDMOND,4047,942
WASHINGTON,KING,RENTON,12247,1630
WASHINGTON,KING,SAMMAMISH,925,60
WASHINGTON,KING,SEATTLE,108694,12581
WASHINGTON,KING,SHORELINE,2941,485
WASHINGTON,KING,SNOQUALMIE,475,38
WASHINGTON,KING,TUKWILA,6611,1098
WASHINGTON,LEWIS,CENTRALIA,2189,347
WASHINGTON,LEWIS,CHEHALIS,2383,799
WASHINGTON,LEWIS,MORTON,46,12
WASHINGTON,LEWIS,MOSSYROCK,26,2
WASHINGTON,LEWIS,NAPAVINE,26,2
WASHINGTON,LEWIS,PE ELL,0,0
WASHINGTON,LEWIS,TOLEDO,20,2
WASHINGTON,LEWIS,WINLOCK,66,8
WASHINGTON,LINCOLN,DAVENPORT,322,103
WASHINGTON,LINCOLN,ODESSA,26,8
WASHINGTON,LINCOLN,REARDAN,4,4
WASHINGTON,PEND OREILLE,NEWPORT,618,75
WASHINGTON,PEND OREILLE,USK,112,22
WASHINGTON,SAN JUAN,FRIDAY HARBOR,377,34
WASHINGTON,SKAMANIA,STEVENSON,156,26
WASHINGTON,WALLA WALLA,COLLEGE PLACE,588,182
WASHINGTON,WALLA WALLA,WALLA WALLA,3586,462
WEST VIRGINIA,BARBOUR,BELINGTON,44,36
WEST VIRGINIA,BARBOUR,CHARLESTON,0,0
WEST VIRGINIA,BARBOUR,FARMINGTON,0,0
WEST VIRGINIA,BARBOUR,PHILIPPI,438,112
WEST VIRGINIA,BROOKE,BEECH BOTTOM,6,2
WEST VIRGINIA,BROOKE,BETHANY,0,0
WEST VIRGINIA,BROOKE,CHARLESTON,0,0
WEST VIRGINIA,BROOKE,FARMINGTON,0,0
WEST VIRGINIA,BROOKE,FOLLANSBEE,0,0
WEST VIRGINIA,BROOKE,WELLSBURG,284,122
WEST VIRGINIA,BROOKE,WINDSOR HEIGHTS,0,0
WEST VIRGINIA,CABELL,BARBOURSVILLE,634,332
WEST VIRGINIA,CABELL,CHARLESTON,0,0
WEST VIRGINIA,CABELL,HUNTINGTON,7711,1082
WEST VIRGINIA,CABELL,MILTON,220,32
WEST VIRGINIA,CABELL,NITRO,0,0
WEST VIRGINIA,LOGAN,CHAPMANVILLE,4,0
WEST VIRGINIA,LOGAN,CHARLESTON,0,0
WEST VIRGINIA,LOGAN,LOGAN,1011,345
WEST VIRGINIA,LOGAN,MAN,0,0
WEST VIRGINIA,LOGAN,NITRO,0,0
WEST VIRGINIA,LOGAN,WEST LOGAN,0,0
WEST VIRGINIA,MINERAL,CHARLESTON,5,2
WEST VIRGINIA,MINERAL,KEYSER,581,204
WEST VIRGINIA,MINERAL,PIEDMONT,4,4
WEST VIRGINIA,MINERAL,RIDGELEY,20,0
WEST VIRGINIA,MINERAL,ROMNEY,0,0
WEST VIRGINIA,MINGO,CHARLESTON,0,0
WEST VIRGINIA,MINGO,DELBARTON,0,0
WEST VIRGINIA,MINGO,GILBERT,0,0
WEST VIRGINIA,MINGO,KERMIT,0,0
WEST VIRGINIA,MINGO,MATEWAN,0,0
WEST VIRGINIA,MINGO,NITRO,0,0
WEST VIRGINIA,MINGO,WILLIAMSON,393,136
WEST VIRGINIA,MONROE,BECKLEY,0,0
WEST VIRGINIA,MONROE,CHARLESTON,0,0
WEST VIRGINIA,MONROE,UNION,188,56
WEST VIRGINIA,OHIO,FARMINGTON,2,2
WEST VIRGINIA,OHIO,TRIADELPHIA,0,0
WEST VIRGINIA,OHIO,WEST LIBERTY,0,0
WEST VIRGINIA,OHIO,WHEELING,2321,415
WEST VIRGINIA,PENDLETON,CHARLESTON,0,0
WEST VIRGINIA,PENDLETON,FRANKLIN,66,20
WEST VIRGINIA,PENDLETON,ROMNEY,0,0
WEST VIRGINIA,TYLER,CHARLESTON,0,0
WEST VIRGINIA,TYLER,MIDDLEBOURNE,64,8
WEST VIRGINIA,TYLER,NEW MARTINSVILLE,79,32
WEST VIRGINIA,TYLER,PARKERSBURG,0,0
WEST VIRGINIA,TYLER,SISTERSVILLE,0,0
WEST VIRGINIA,UPSHUR,BUCKHANNON,788,250
WEST VIRGINIA,UPSHUR,CHARLESTON,0,0
WEST VIRGINIA,UPSHUR,ELKINS,0,0
WEST VIRGINIA,WEBSTER,CHARLESTON,0,0
WEST VIRGINIA,WEBSTER,ELKINS,0,0
WEST VIRGINIA,WEBSTER,UPPERGLADE,164,128
WEST VIRGINIA,WEBSTER,WEBSTER SPRINGS,0,0
WISCONSIN,BARRON,BARRON,413,76
WISCONSIN,BARRON,CHETEK,62,18
WISCONSIN,BARRON,CUMBERLAND,2,4
WISCONSIN,BARRON,RICE LAKE,646,250
WISCONSIN,BROWN,ASHWAUBENON,1160,578
WISCONSIN,BROWN,DE PERE,556,176
WISCONSIN,BROWN,GREEN BAY,7673,2616
WISCONSIN,BROWN,HOBART,126,24
WISCONSIN,BROWN,ONEIDA,247,121
WISCONSIN,BROWN,PULASKI,86,16
WISCONSIN,COLUMBIA,COLUMBUS,168,46
WISCONSIN,COLUMBIA,FALL RIVER,28,8
WISCONSIN,COLUMBIA,LODI,80,12
WISCONSIN,COLUMBIA,PORTAGE,993,416
WISCONSIN,COLUMBIA,POYNETTE,49,14
WISCONSIN,COLUMBIA,RIO,12,2
WISCONSIN,COLUMBIA,WISCONSIN DELLS,370,48
WISCONSIN,DODGE,BEAVER DAM,830,354
WISCONSIN,DODGE,BROWNSVILLE,12,0
WISCONSIN,DODGE,FOX LAKE,12,6
WISCONSIN,DODGE,HORICON,60,20
WISCONSIN,DODGE,IRON RIDGE,14,4
WISCONSIN,DODGE,JUNEAU,469,132
WISCONSIN,DODGE,LOMIRA,48,8
WISCONSIN,DODGE,MAYVILLE,154,52
WISCONSIN,DODGE,THERESA,28,10
WISCONSIN,DODGE,WAUPUN,254,98
WISCONSIN,GREEN,ALBANY,42,12
WISCONSIN,GREEN,BRODHEAD,96,36
WISCONSIN,GREEN,MONROE,602,86
WISCONSIN,GREEN,NEW GLARUS,54,8
WISCONSIN,JACKSON,BLACK RIVER FALLS,565,172
WISCONSIN,ROCK,BELOIT,2796,1043
WISCONSIN,ROCK,CLINTON,54,22
WISCONSIN,ROCK,EDGERTON,198,77
WISCONSIN,ROCK,EVANSVILLE,120,24
WISCONSIN,ROCK,JANESVILLE,4536,1546
WISCONSIN,ROCK,MILTON,198,66
WISCONSIN,SAWYER,HAYWARD,596,137
WISCONSIN,TAYLOR,CLEVELAND,8,4
WISCONSIN,TAYLOR,GILMAN,10,2
WISCONSIN,TAYLOR,MEDFORD,491,205
WISCONSIN,TAYLOR,RIB LAKE,0,0
WISCONSIN,VILAS,EAGLE RIVER,607,184
WISCONSIN,VILAS,LAC DU FLAMBEAU,560,370
WYOMING,CARBON,BAGGS,0,0
WYOMING,CARBON,HANNA,8,2
WYOMING,CARBON,RAWLINS,662,248
WYOMING,CARBON,SARATOGA,38,2
WYOMING,FREMONT,FORT WASHAKIE,657,322
WYOMING,FREMONT,LANDER,872,340
WYOMING,FREMONT,RIVERTON,1315,505
WYOMING,LARAMIE,CHEYENNE,6335,554
WYOMING,LARAMIE,PINE BLUFFS,40,2
WYOMING,SUBLETTE,PINEDALE,164,48
WYOMING,UINTA,EVANSTON,852,304
WYOMING,WASHAKIE,WORLAND,164,72
