STATENAME,COUNTYNAME,ADDRESS_CITY,total_pe_ct
ALABAMA,BLOUNT,BLOUNTSVILLE,3
ALABAMA,BLOUNT,CLEVELAND,3
ALABAMA,BLOUNT,ONEONTA,67
ALABAMA,BLOUNT,SNEAD,4
ALABAMA,BUTLER,GEORGIANA,13
ALABAMA,BUTLER,GREENVILLE,49
ALABAMA,BUTLER,MCKENZIE,2
ALABAMA,CHILTON,CLANTON,64
ALABAMA,CHILTON,JEMISON,5
ALABAMA,CHILTON,MAPLESVILLE,5
ALABAMA,CHILTON,THORSBY,3
ALABAMA,COVINGTON,ANDALUSIA,64
ALABAMA,COVINGTON,FLORALA,3
ALABAMA,COVINGTON,GANTT,0
ALABAMA,COVINGTON,LOCKHART,0
ALABAMA,COVINGTON,OPP,30
ALABAMA,COVINGTON,RED LEVEL,2
ALABAMA,COVINGTON,RIVER FALLS,0
ALABAMA,CRENSHAW,BRANTLEY,3
ALABAMA,CRENSHAW,DOZIER,1
ALABAMA,CRENSHAW,LUVERNE,26
ALABAMA,ETOWAH,ALTOONA,0
ALABAMA,ETOWAH,ATTALLA,27
ALABAMA,ETOWAH,GADSDEN,299
ALABAMA,ETOWAH,GLENCOE,8
ALABAMA,ETOWAH,HOKES BLUFF,7
ALABAMA,ETOWAH,RAINBOW CITY,33
ALABAMA,ETOWAH,SARDIS CITY,4
ALABAMA,ETOWAH,SOUTHSIDE,19
ALABAMA,ETOWAH,WALNUT GROVE,1
ALABAMA,HENRY,ABBEVILLE,37
ALABAMA,HENRY,HEADLAND,19
ALABAMA,HENRY,NEWVILLE,2
ALABAMA,JEFFERSON,ADAMSVILLE,27
ALABAMA,JEFFERSON,BESSEMER,141
ALABAMA,JEFFERSON,BIRMINGHAM,1830
ALABAMA,JEFFERSON,BRIGHTON,8
ALABAMA,JEFFERSON,BROOKSIDE,3
ALABAMA,JEFFERSON,FAIRFIELD,30
ALABAMA,JEFFERSON,FULTONDALE,33
ALABAMA,JEFFERSON,GARDENDALE,41
ALABAMA,JEFFERSON,HOMEWOOD,105
ALABAMA,JEFFERSON,HOOVER,227
ALABAMA,JEFFERSON,HUEYTOWN,47
ALABAMA,JEFFERSON,IRONDALE,43
ALABAMA,JEFFERSON,KIMBERLY,14
ALABAMA,JEFFERSON,LEEDS,28
ALABAMA,JEFFERSON,LIPSCOMB,9
ALABAMA,JEFFERSON,MCCALLA,0
ALABAMA,JEFFERSON,MIDFIELD,20
ALABAMA,JEFFERSON,MORRIS,5
ALABAMA,JEFFERSON,MOUNTAIN BROOK,69
ALABAMA,JEFFERSON,PLEASANT GROVE,20
ALABAMA,JEFFERSON,TARRANT,25
ALABAMA,JEFFERSON,TRAFFORD,1
ALABAMA,JEFFERSON,TRUSSVILLE,71
ALABAMA,JEFFERSON,VESTAVIA HILLS,84
ALABAMA,JEFFERSON,WARRIOR,18
ALABAMA,LAWRENCE,COURTLAND,2
ALABAMA,LAWRENCE,HILLSBORO,3
ALABAMA,LAWRENCE,MOULTON,62
ALABAMA,LAWRENCE,NORTH COURTLAND,0
ALABAMA,LAWRENCE,TOWN CREEK,3
ALABAMA,MACON,NOTASULGA,7
ALABAMA,MACON,SHORTER,6
ALABAMA,MACON,TUSKEGEE,63
ALABAMA,MACON,TUSKEGEE INSTITUTE,24
ALABAMA,RANDOLPH,ROANOKE,29
ALABAMA,RANDOLPH,WADLEY,4
ALABAMA,RANDOLPH,WEDOWEE,42
ALABAMA,SUMTER,CUBA,0
ALABAMA,SUMTER,LIVINGSTON,36
ALABAMA,SUMTER,YORK,11
ALASKA,WRANGELL CITY AND BOROUGH,WRANGELL,13
ARIZONA,MARICOPA,AVONDALE,183
ARIZONA,MARICOPA,BUCKEYE,112
ARIZONA,MARICOPA,CHANDLER,497
ARIZONA,MARICOPA,EL MIRAGE,54
ARIZONA,MARICOPA,FORT MCDOWELL,0
ARIZONA,MARICOPA,GILBERT,341
ARIZONA,MARICOPA,GLENDALE,542
ARIZONA,MARICOPA,GOODYEAR,132
ARIZONA,MARICOPA,MESA,1221
ARIZONA,MARICOPA,PARADISE VALLEY,40
ARIZONA,MARICOPA,PEORIA,275
ARIZONA,MARICOPA,PHOENIX,9168
ARIZONA,MARICOPA,SCOTTSDALE,765
ARIZONA,MARICOPA,SURPRISE,181
ARIZONA,MARICOPA,TEMPE,647
ARIZONA,MARICOPA,TOLLESON,41
ARIZONA,MARICOPA,WICKENBURG,23
ARIZONA,PIMA,MARANA,116
ARIZONA,PIMA,ORO VALLEY,128
ARIZONA,PIMA,SAHUARITA,50
ARIZONA,PIMA,SELLS,167
ARIZONA,PIMA,SOUTH TUCSON,20
ARIZONA,PIMA,TUCSON,2916
ARIZONA,SANTA CRUZ,NOGALES,155
ARIZONA,SANTA CRUZ,PATAGONIA,3
ARKANSAS,BRADLEY,WARREN,26
ARKANSAS,CALHOUN,HAMPTON,15
ARKANSAS,CARROLL,BERRYVILLE,37
ARKANSAS,CARROLL,EUREKA SPRINGS,16
ARKANSAS,CARROLL,GREEN FOREST,13
ARKANSAS,CLAY,CORNING,12
ARKANSAS,CLAY,PIGGOTT,34
ARKANSAS,CRAWFORD,ALMA,21
ARKANSAS,CRAWFORD,CEDARVILLE,0
ARKANSAS,CRAWFORD,DYER,1
ARKANSAS,CRAWFORD,MOUNTAINBURG,0
ARKANSAS,CRAWFORD,MULBERRY,3
ARKANSAS,CRAWFORD,VAN BUREN,127
ARKANSAS,LINCOLN,STAR CITY,27
ARKANSAS,LONOKE,AUSTIN,4
ARKANSAS,LONOKE,CABOT,53
ARKANSAS,LONOKE,CARLISLE,9
ARKANSAS,LONOKE,ENGLAND,15
ARKANSAS,LONOKE,LONOKE,83
ARKANSAS,LONOKE,WARD,11
ARKANSAS,MISSISSIPPI,BLYTHEVILLE,49
ARKANSAS,MISSISSIPPI,DELL,1
ARKANSAS,MISSISSIPPI,ETOWAH,1
ARKANSAS,MISSISSIPPI,GOSNELL,7
ARKANSAS,MISSISSIPPI,KEISER,1
ARKANSAS,MISSISSIPPI,LEACHVILLE,4
ARKANSAS,MISSISSIPPI,LUXORA,96
ARKANSAS,MISSISSIPPI,OSCEOLA,38
ARKANSAS,MISSISSIPPI,WILSON,0
ARKANSAS,MONROE,BRINKLEY,15
ARKANSAS,MONROE,CLARENDON,21
ARKANSAS,UNION,EL DORADO,131
CALIFORNIA,COLUSA,COLUSA,74
CALIFORNIA,COLUSA,OAKLAND,0
CALIFORNIA,COLUSA,WILLIAMS,9
CALIFORNIA,CONTRA COSTA,ANTIOCH,123
CALIFORNIA,CONTRA COSTA,BRENTWOOD,83
CALIFORNIA,CONTRA COSTA,CLAYTON,12
CALIFORNIA,CONTRA COSTA,CONCORD,201
CALIFORNIA,CONTRA COSTA,EL CERRITO,47
CALIFORNIA,CONTRA COSTA,HERCULES,22
CALIFORNIA,CONTRA COSTA,KENSINGTON,10
CALIFORNIA,CONTRA COSTA,LAFAYETTE,0
CALIFORNIA,CONTRA COSTA,MARTINEZ,1036
CALIFORNIA,CONTRA COSTA,MORAGA,12
CALIFORNIA,CONTRA COSTA,OAKLAND,277
CALIFORNIA,CONTRA COSTA,PINOLE,33
CALIFORNIA,CONTRA COSTA,PITTSBURG,96
CALIFORNIA,CONTRA COSTA,PLEASANT HILL,57
CALIFORNIA,CONTRA COSTA,RICHMOND,242
CALIFORNIA,CONTRA COSTA,SAN PABLO,67
CALIFORNIA,CONTRA COSTA,WALNUT CREEK,118
CALIFORNIA,DEL NORTE,CRESCENT CITY,65
CALIFORNIA,DEL NORTE,KLAMATH,12
CALIFORNIA,LAKE,CLEARLAKE,28
CALIFORNIA,LAKE,KELSEYVILLE,0
CALIFORNIA,LAKE,LAKEPORT,148
CALIFORNIA,MARIN,BELVEDERE,8
CALIFORNIA,MARIN,CORTE MADERA,0
CALIFORNIA,MARIN,FAIRFAX,16
CALIFORNIA,MARIN,KENTFIELD,6
CALIFORNIA,MARIN,MILL VALLEY,26
CALIFORNIA,MARIN,NOVATO,80
CALIFORNIA,MARIN,ROSS,8
CALIFORNIA,MARIN,SAN RAFAEL,377
CALIFORNIA,MARIN,SAUSALITO,24
CALIFORNIA,MARIN,TIBURON,16
CALIFORNIA,MERCED,ATWATER,34
CALIFORNIA,MERCED,DOS PALOS,8
CALIFORNIA,MERCED,GUSTINE,12
CALIFORNIA,MERCED,LIVINGSTON,25
CALIFORNIA,MERCED,LOS BANOS,62
CALIFORNIA,MERCED,MERCED,369
CALIFORNIA,MONO,BRIDGEPORT,38
CALIFORNIA,MONO,MAMMOTH LAKES,13
CALIFORNIA,SAN MATEO,ATHERTON,27
CALIFORNIA,SAN MATEO,BELMONT,44
CALIFORNIA,SAN MATEO,BRISBANE,18
CALIFORNIA,SAN MATEO,BURLINGAME,56
CALIFORNIA,SAN MATEO,COLMA,24
CALIFORNIA,SAN MATEO,DALY CITY,144
CALIFORNIA,SAN MATEO,EAST PALO ALTO,40
CALIFORNIA,SAN MATEO,FOSTER CITY,50
CALIFORNIA,SAN MATEO,HALF MOON BAY,0
CALIFORNIA,SAN MATEO,HILLSBOROUGH,33
CALIFORNIA,SAN MATEO,MENLO PARK,67
CALIFORNIA,SAN MATEO,OAKLAND,0
CALIFORNIA,SAN MATEO,PACIFICA,35
CALIFORNIA,SAN MATEO,REDWOOD CITY,797
CALIFORNIA,SAN MATEO,SAN BRUNO,65
CALIFORNIA,SAN MATEO,SAN FRANCISCO,110
CALIFORNIA,SAN MATEO,SAN MATEO,148
CALIFORNIA,SIERRA,DOWNIEVILLE,17
CALIFORNIA,SIERRA,GRASS VALLEY,0
CALIFORNIA,TRINITY,WEAVERVILLE,44
CALIFORNIA,TUOLUMNE,JAMESTOWN,0
CALIFORNIA,TUOLUMNE,SONORA,143
CALIFORNIA,VENTURA,CALABSAS,0
CALIFORNIA,VENTURA,CAMARILLO,29
CALIFORNIA,VENTURA,LEBEC,0
CALIFORNIA,VENTURA,OAKLAND,0
CALIFORNIA,VENTURA,OXNARD,337
CALIFORNIA,VENTURA,PORT HUENEME,27
CALIFORNIA,VENTURA,SANTA PAULA,38
CALIFORNIA,VENTURA,SIMI VALLEY,177
CALIFORNIA,VENTURA,VENTURA,1412
COLORADO,ALAMOSA,ALAMOSA,77
COLORADO,CLEAR CREEK,GEORGETOWN,76
COLORADO,CLEAR CREEK,IDAHO SPRINGS,8
COLORADO,COSTILLA,SAN LUIS,9
COLORADO,CUSTER,WESTCLIFFE,23
COLORADO,DELTA,CEDAREDGE,8
COLORADO,DELTA,DELTA,85
COLORADO,DELTA,HOTCHKISS,3
COLORADO,DELTA,PAONIA,4
COLORADO,ELBERT,ELIZABETH,6
COLORADO,ELBERT,KIOWA,48
COLORADO,ELBERT,SIMLA,2
COLORADO,GILPIN,BLACK HAWK,34
COLORADO,GILPIN,GOLDEN,57
COLORADO,HINSDALE,LAKE CITY,5
COLORADO,LAS ANIMAS,TRINIDAD,62
COLORADO,MOFFAT,CRAIG,66
COLORADO,MONTEZUMA,CORTEZ,119
COLORADO,MONTEZUMA,MANCOS,4
COLORADO,MONTEZUMA,TOWAOC,19
CONNECTICUT,HARTFORD,AVON,41
CONNECTICUT,HARTFORD,BLOOMFIELD,59
CONNECTICUT,HARTFORD,BRISTOL,143
CONNECTICUT,HARTFORD,CANTON,20
CONNECTICUT,HARTFORD,EAST HARTFORD,153
CONNECTICUT,HARTFORD,EAST WINDSOR,34
CONNECTICUT,HARTFORD,ENFIELD,114
CONNECTICUT,HARTFORD,FARMINGTON,45
CONNECTICUT,HARTFORD,GLASTONBURY,75
CONNECTICUT,HARTFORD,GRANBY,20
CONNECTICUT,HARTFORD,HARTFORD,473
CONNECTICUT,HARTFORD,KENSINGTON,55
CONNECTICUT,HARTFORD,MANCHESTER,135
CONNECTICUT,HARTFORD,NEW BRITAIN,195
CONNECTICUT,HARTFORD,NEWINGTON,64
CONNECTICUT,HARTFORD,PLAINVILLE,45
CONNECTICUT,HARTFORD,ROCKY HILL,48
CONNECTICUT,HARTFORD,SIMSBURY,47
CONNECTICUT,HARTFORD,SOUTH WINDSOR,52
CONNECTICUT,HARTFORD,SOUTHINGTON,89
CONNECTICUT,HARTFORD,SUFFIELD,22
CONNECTICUT,HARTFORD,UNIONVILLE,61
CONNECTICUT,HARTFORD,WEST HARTFORD,146
CONNECTICUT,HARTFORD,WETHERSFIELD,122
CONNECTICUT,HARTFORD,WINDSOR,67
CONNECTICUT,HARTFORD,WINDSOR LOCKS,32
FLORIDA,DUVAL,ATLANTIC BEACH,37
FLORIDA,DUVAL,JACKSONVILLE,3106
FLORIDA,DUVAL,JACKSONVILLE BEACH,81
FLORIDA,DUVAL,NEPTUNE BEACH,27
FLORIDA,DUVAL,TALLAHASSEE,0
FLORIDA,FLAGLER,BUNNELL,261
FLORIDA,FLAGLER,FLAGLER BEACH,17
FLORIDA,FLAGLER,ORLANDO,0
FLORIDA,GLADES,BRADENTON,0
FLORIDA,GLADES,MOORE HAVEN,100
FLORIDA,GULF,PANAMA CITY,0
FLORIDA,GULF,PORT SAINT JOE,40
FLORIDA,GULF,PORT ST JOE,0
FLORIDA,GULF,PORT ST. JOE,8
FLORIDA,HILLSBOROUGH,PLANT CITY,84
FLORIDA,HILLSBOROUGH,TALLAHASSEE,0
FLORIDA,HILLSBOROUGH,TAMPA,4708
FLORIDA,HILLSBOROUGH,TEMPLE TERRACE,66
FLORIDA,LIBERTY,BRISTOL,40
FLORIDA,LIBERTY,TALLAHASSEE,0
FLORIDA,OKEECHOBEE,LAKE WORTH,0
FLORIDA,OKEECHOBEE,OKEECHOBEE,196
FLORIDA,PASCO,DADE CITY,29
FLORIDA,PASCO,NEW PORT RICHEY,1170
FLORIDA,PASCO,PORT RICHEY,19
FLORIDA,PASCO,TAMPA,24
FLORIDA,PASCO,ZEPHYRHILLS,45
FLORIDA,WAKULLA,CRAWFORDVILLE,111
FLORIDA,WAKULLA,TALLAHASSEE,0
GEORGIA,BARTOW,ADAIRSVILLE,18
GEORGIA,BARTOW,CARTERSVILLE,279
GEORGIA,BARTOW,EMERSON,11
GEORGIA,BARTOW,EUHARLEE,3
GEORGIA,BARTOW,KINGSTON,1
GEORGIA,BARTOW,WHITE,1
GEORGIA,BERRIEN,ALAPAHA,2
GEORGIA,BERRIEN,ENIGMA,3
GEORGIA,BERRIEN,NASHVILLE,34
GEORGIA,BERRIEN,RAY CITY,1
GEORGIA,BRANTLEY,HOBOKEN,2
GEORGIA,BRANTLEY,NAHUNTA,49
GEORGIA,CAMDEN,KINGSLAND,35
GEORGIA,CAMDEN,ST MARYS,33
GEORGIA,CAMDEN,WOODBINE,125
GEORGIA,CHATTOOGA,SUMMERVILLE,58
GEORGIA,CHATTOOGA,TRION,10
GEORGIA,CLINCH,HOMERVILLE,29
GEORGIA,COLUMBIA,APPLING,344
GEORGIA,COLUMBIA,GROVETOWN,28
GEORGIA,COLUMBIA,HARLEM,8
GEORGIA,CRAWFORD,ROBERTA,35
GEORGIA,CRISP,CORDELE,109
GEORGIA,DODGE,EASTMAN,71
GEORGIA,DOOLY,PINEHURST,75
GEORGIA,DOOLY,VIENNA,9
GEORGIA,GRADY,CAIRO,66
GEORGIA,GRADY,WHIGHAM,4
GEORGIA,HART,HARTWELL,77
GEORGIA,HENRY,HAMPTON,18
GEORGIA,HENRY,LOCUST GROVE,23
GEORGIA,HENRY,MCDONOUGH,371
GEORGIA,JEFFERSON,BARTOW,1
GEORGIA,JEFFERSON,LOUISVILLE,51
GEORGIA,JEFFERSON,STAPLETON,0
GEORGIA,JEFFERSON,WADLEY,11
GEORGIA,JEFFERSON,WRENS,8
GEORGIA,LAURENS,DUBLIN,189
GEORGIA,LAURENS,EAST DUBLIN,8
GEORGIA,LINCOLN,LINCOLNTON,32
GEORGIA,LUMPKIN,DAHLONEGA,83
GEORGIA,MCINTOSH,DARIEN,73
GEORGIA,MURRAY,CHATSWORTH,94
GEORGIA,MURRAY,ETON,3
GEORGIA,OGLETHORPE,LEXINGTON,46
GEORGIA,PEACH,BYRON,23
GEORGIA,PEACH,FORT VALLEY,86
GEORGIA,PEACH,FT. VALLEY,30
GEORGIA,PICKENS,JASPER,48
GEORGIA,PICKENS,NELSON,1
GEORGIA,RABUN,CLAYTON,65
GEORGIA,RABUN,DILLARD,5
GEORGIA,RABUN,MOUNTAIN CITY,3
GEORGIA,SCREVEN,HILTONIA,1
GEORGIA,SCREVEN,NEWINGTON,2
GEORGIA,SCREVEN,OLIVER,0
GEORGIA,SCREVEN,SYLVANIA,53
GEORGIA,TALIAFERRO,CRAWFORDVILLE,3
GEORGIA,TROUP,HOGANSVILLE,21
GEORGIA,TROUP,LAGRANGE,208
GEORGIA,TROUP,WEST POINT,23
GEORGIA,TWIGGS,JEFFERSONVILLE,16
GEORGIA,WALTON,LOGANVILLE,33
GEORGIA,WALTON,MONROE,232
GEORGIA,WALTON,SOCIAL CIRCLE,0
GEORGIA,WEBSTER,PRESTON,5
GEORGIA,WILCOX,ABBEVILLE,15
GEORGIA,WILCOX,PINEVIEW,1
GEORGIA,WILCOX,ROCHELLE,6
IDAHO,BANNOCK,CHUBBUCK,33
IDAHO,BANNOCK,POCATELLO,193
IDAHO,BLAINE,BELLEVUE,5
IDAHO,BLAINE,HAILEY,56
IDAHO,BLAINE,KETCHUM,15
IDAHO,BLAINE,SUN VALLEY,11
IDAHO,JEROME,JEROME,43
IDAHO,KOOTENAI,COEUR D ALENE,167
IDAHO,KOOTENAI,COUER D'ALENE,98
IDAHO,KOOTENAI,POST FALLS,70
IDAHO,KOOTENAI,RATHDRUM,16
IDAHO,KOOTENAI,SPIRIT LAKE,7
IDAHO,MADISON,REXBURG,75
IDAHO,NEZ PERCE,LAPWAI,22
IDAHO,NEZ PERCE,LEWISTON,108
ILLINOIS,BOND,GREENVILLE,30
ILLINOIS,BOND,PIERRON,0
ILLINOIS,BOND,SORENTO,0
ILLINOIS,CASS,ASHLAND,1
ILLINOIS,CASS,BEARDSTOWN,17
ILLINOIS,CASS,VIRGINIA,8
ILLINOIS,CLARK,CASEY,7
ILLINOIS,CLARK,MARSHALL,18
ILLINOIS,CLARK,MARTINSVILLE,3
ILLINOIS,CUMBERLAND,GREENUP,4
ILLINOIS,CUMBERLAND,NEOGA,3
ILLINOIS,CUMBERLAND,TOLEDO,14
ILLINOIS,GREENE,CARROLLTON,20
ILLINOIS,GREENE,GREENFIELD,2
ILLINOIS,GREENE,ROODHOUSE,5
ILLINOIS,GREENE,WHITE HALL,7
ILLINOIS,GRUNDY,COAL CITY,11
ILLINOIS,GRUNDY,MAZON,0
ILLINOIS,GRUNDY,MINOOKA,12
ILLINOIS,GRUNDY,MORRIS,77
ILLINOIS,HAMILTON,MC LEANSBORO,8
ILLINOIS,HAMILTON,MCLEANSBORO,5
ILLINOIS,HENRY,ANNAWAN,1
ILLINOIS,HENRY,ATKINSON,1
ILLINOIS,HENRY,CAMBRIDGE,64
ILLINOIS,HENRY,COLONA,13
ILLINOIS,HENRY,GALVA,4
ILLINOIS,HENRY,GENESEO,17
ILLINOIS,HENRY,KEWANEE,29
ILLINOIS,HENRY,ORION,2
ILLINOIS,HENRY,WOODHULL,1
ILLINOIS,MASSAC,BROOKPORT,0
ILLINOIS,MASSAC,METROPOLIS,44
ILLINOIS,MONROE,COLUMBIA,22
ILLINOIS,MONROE,VALMEYER,1
ILLINOIS,MONROE,WATERLOO,44
ILLINOIS,RANDOLPH,CHESTER,30
ILLINOIS,RANDOLPH,COULTERVILLE,2
ILLINOIS,RANDOLPH,PRAIRIE DU ROCHER,0
ILLINOIS,RANDOLPH,RED BUD,6
ILLINOIS,RANDOLPH,RUMA,1
ILLINOIS,RANDOLPH,SPARTA,14
ILLINOIS,RANDOLPH,TILDEN,1
ILLINOIS,RICHLAND,OLNEY,34
ILLINOIS,SALINE,CARRIER MILLS,3
ILLINOIS,SALINE,ELDORADO,10
ILLINOIS,SALINE,HARRISBURG,60
ILLINOIS,SALINE,RALEIGH,1
ILLINOIS,SCHUYLER,RUSHVILLE,7
ILLINOIS,TAZEWELL,ARMINGTON,0
ILLINOIS,TAZEWELL,CREVE COEUR,10
ILLINOIS,TAZEWELL,DEER CREEK,1
ILLINOIS,TAZEWELL,DELAVAN,3
ILLINOIS,TAZEWELL,EAST PEORIA,80
ILLINOIS,TAZEWELL,GREEN VALLEY,1
ILLINOIS,TAZEWELL,HOPEDALE,1
ILLINOIS,TAZEWELL,MACKINAW,1
ILLINOIS,TAZEWELL,MARQUETTE HEIGHTS,9
ILLINOIS,TAZEWELL,MINIER,2
ILLINOIS,TAZEWELL,MORTON,28
ILLINOIS,TAZEWELL,NORTH PEKIN,2
ILLINOIS,TAZEWELL,PEKIN,112
ILLINOIS,TAZEWELL,PEORIA,1
ILLINOIS,TAZEWELL,SOUTH PEKIN,2
ILLINOIS,TAZEWELL,TREMONT,4
ILLINOIS,TAZEWELL,WASHINGTON,23
ILLINOIS,WARREN,ALEXIS,1
ILLINOIS,WARREN,MONMOUTH,44
INDIANA,ADAMS,BERNE,5
INDIANA,ADAMS,DECATUR,46
INDIANA,ADAMS,INDIANAPOLIS,0
INDIANA,BENTON,FOWLER,18
INDIANA,BENTON,INDIANAPOLIS,0
INDIANA,DUBOIS,HUNTINGBURG,12
INDIANA,DUBOIS,INDIANAPOLIS,0
INDIANA,DUBOIS,JASPER,53
INDIANA,GIBSON,INDIANAPOLIS,0
INDIANA,GIBSON,OAKLAND CITY,5
INDIANA,GIBSON,PRINCETON,59
INDIANA,GREENE,BLOOMFIELD,45
INDIANA,GREENE,INDIANAPOLIS,0
INDIANA,GREENE,JASONVILLE,5
INDIANA,GREENE,LINTON,13
INDIANA,HAMILTON,CARMEL,135
INDIANA,HAMILTON,FISHERS,110
INDIANA,HAMILTON,INDIANAPOLIS,0
INDIANA,HAMILTON,NOBLESVILLE,198
INDIANA,HAMILTON,WESTFIELD,50
INDIANA,HARRISON,CORYDON,65
INDIANA,HARRISON,INDIANAPOLIS,0
INDIANA,HENDRICKS,AVON,25
INDIANA,HENDRICKS,BROWNSBURG,48
INDIANA,HENDRICKS,DANVILLE,121
INDIANA,HENDRICKS,INDIANAPOLIS,0
INDIANA,HENDRICKS,PLAINFIELD,48
INDIANA,JAY,DUNKIRK,8
INDIANA,JAY,INDIANAPOLIS,0
INDIANA,JAY,PORTLAND,57
INDIANA,JENNINGS,INDIANAPOLIS,0
INDIANA,JENNINGS,NORTH VERNON,37
INDIANA,JOHNSON,BARGERSVILLE,0
INDIANA,JOHNSON,EDINBURGH,13
INDIANA,JOHNSON,FRANKLIN,180
INDIANA,JOHNSON,GREENWOOD,66
INDIANA,JOHNSON,INDIANAPOLIS,0
INDIANA,JOHNSON,NEW WHITELAND,7
INDIANA,JOHNSON,NINEVEH,4
INDIANA,MONROE,BLOOMINGTON,226
INDIANA,MONROE,ELLETTSVILLE,8
INDIANA,MONROE,INDIANAPOLIS,0
INDIANA,ORANGE,INDIANAPOLIS,0
INDIANA,ORANGE,PAOLI,23
INDIANA,RANDOLPH,INDIANAPOLIS,0
INDIANA,RANDOLPH,LYNN,0
INDIANA,RANDOLPH,UNION CITY,8
INDIANA,RANDOLPH,WINCHESTER,49
INDIANA,SCOTT,AUSTIN,3
INDIANA,SCOTT,INDIANAPOLIS,0
INDIANA,SCOTT,SCOTTSBURG,37
INDIANA,STARKE,INDIANAPOLIS,0
INDIANA,STARKE,KNOX,29
INDIANA,STARKE,NORTH JUDSON,4
INDIANA,TIPPECANOE,CLARKS HILL,0
INDIANA,TIPPECANOE,DAYTON,0
INDIANA,TIPPECANOE,INDIANAPOLIS,0
INDIANA,TIPPECANOE,LAFAYETTE,309
INDIANA,TIPPECANOE,WEST LAFAYETTE,114
INDIANA,TIPTON,INDIANAPOLIS,0
INDIANA,TIPTON,TIPTON,48
INDIANA,VERMILLION,CLINTON,9
INDIANA,VERMILLION,INDIANAPOLIS,0
INDIANA,VERMILLION,NEWPORT,22
INDIANA,VIGO,INDIANAPOLIS,0
INDIANA,VIGO,TERRE HAUTE,207
INDIANA,VIGO,WEST TERRE HAUTE,12
IOWA,AUDUBON,AUDUBON,14
IOWA,BENTON,BELLE PLAINE,5
IOWA,BENTON,VINTON,40
IOWA,BOONE,BOONE,48
IOWA,BOONE,OGDEN,3
IOWA,CALHOUN,ROCKWELL CITY,11
IOWA,CERRO GORDO,CLEAR LAKE,22
IOWA,CERRO GORDO,MASON CITY,124
IOWA,DAVIS,BLOOMFIELD,13
IOWA,DELAWARE,MANCHESTER,36
IOWA,FRANKLIN,HAMPTON,18
IOWA,GUTHRIE,GUTHRIE CENTER,14
IOWA,HAMILTON,WEBSTER CITY,43
IOWA,HANCOCK,GARNER,11
IOWA,JEFFERSON,FAIRFIELD,50
IOWA,KEOKUK,SIGOURNEY,14
IOWA,LINN,CEDAR RAPIDS,468
IOWA,LINN,HIAWATHA,14
IOWA,LINN,LISBON,1
IOWA,LINN,MARION,57
IOWA,LINN,MT VERNON,6
IOWA,MADISON,WINTERSET,24
IOWA,MONROE,ALBIA,21
IOWA,OSCEOLA,SIBLEY,13
IOWA,UNION,CRESTON,27
IOWA,WAPELLO,OTTUMWA,91
IOWA,WEBSTER,DAYTON,0
IOWA,WEBSTER,FORT DODGE,78
IOWA,WINNEBAGO,FOREST CITY,18
IOWA,WINNESHIEK,DECORAH,44
KANSAS,ANDERSON,COLONY,0
KANSAS,ANDERSON,GARNETT,17
KANSAS,CHEROKEE,BAXTER SPRINGS,13
KANSAS,CHEROKEE,COLUMBUS,56
KANSAS,CHEROKEE,GALENA,10
KANSAS,COWLEY,ARKANSAS CITY,28
KANSAS,COWLEY,BURDEN,1
KANSAS,COWLEY,DEXTER,0
KANSAS,COWLEY,UDALL,2
KANSAS,COWLEY,WINFIELD,75
KANSAS,ELLSWORTH,ELLSWORTH,25
KANSAS,ELLSWORTH,HOLYROOD,1
KANSAS,ELLSWORTH,KANOPOLIS,1
KANSAS,ELLSWORTH,WILSON,1
KANSAS,HARPER,ANTHONY,19
KANSAS,HARPER,ATTICA,1
KANSAS,HARPER,HARPER,3
KANSAS,HASKELL,SUBLETTE,13
KANSAS,JACKSON,HOLTON,37
KANSAS,JACKSON,HOYT,0
KANSAS,JACKSON,MAYETTA,19
KANSAS,JOHNSON,FAIRWAY,11
KANSAS,JOHNSON,GARDNER,27
KANSAS,JOHNSON,LAKE QUIVIRA,1
KANSAS,JOHNSON,LEAWOOD,77
KANSAS,JOHNSON,LENEXA,128
KANSAS,JOHNSON,MERRIAM,37
KANSAS,JOHNSON,MISSION,31
KANSAS,JOHNSON,OLATHE,792
KANSAS,JOHNSON,OVERLAND PARK,304
KANSAS,JOHNSON,PRAIRIE VILLAGE,57
KANSAS,JOHNSON,ROELAND PARK,15
KANSAS,JOHNSON,SHAWNEE,109
KANSAS,JOHNSON,SHAWNEE MISSION,31
KANSAS,JOHNSON,SPRING HILL,13
KANSAS,JOHNSON,WESTWOOD,8
KANSAS,KINGMAN,KINGMAN,28
KANSAS,KINGMAN,NORWICH,1
KANSAS,PAWNEE,LARNED,21
KANSAS,RAWLINS,ATWOOD,10
KANSAS,REPUBLIC,BELLEVILLE,15
KANSAS,TREGO,WAKEENEY,11
KANSAS,WASHINGTON,WASHINGTON,7
KENTUCKY,ADAIR,COLUMBIA,30
KENTUCKY,BALLARD,LA CENTER,2
KENTUCKY,BALLARD,WICKLIFFE,14
KENTUCKY,BATH,OWINGSVILLE,11
KENTUCKY,BOYD,ASHLAND,50
KENTUCKY,BOYD,CATLETTSBURG,39
KENTUCKY,BOYD,FLATWOODS,9
KENTUCKY,CASEY,LIBERTY,12
KENTUCKY,ELLIOTT,SANDY HOOK,1
KENTUCKY,GALLATIN,WARSAW,5
KENTUCKY,KNOX,BARBOURVILLE,19
KENTUCKY,LARUE,HODGENVILLE,13
KENTUCKY,LEE,BEATTYVILLE,7
KENTUCKY,LOGAN,ADAIRVILLE,1
KENTUCKY,LOGAN,AUBURN,2
KENTUCKY,LOGAN,LEWISBURG,1
KENTUCKY,LOGAN,RUSSELLVILLE,40
KENTUCKY,MCLEAN,CALHOUN,21
KENTUCKY,MEADE,BRANDENBURG,23
KENTUCKY,MEADE,MULDRAUGH,6
KENTUCKY,MUHLENBERG,CENTRAL CITY,12
KENTUCKY,MUHLENBERG,GREENVILLE,25
KENTUCKY,MUHLENBERG,POWDERLY,2
KENTUCKY,OWEN,OWENTON,14
KENTUCKY,ROWAN,MOREHEAD,61
KENTUCKY,RUSSELL,JAMESTOWN,15
KENTUCKY,RUSSELL,RUSSELL SPRINGS,10
KENTUCKY,WOODFORD,VERSAILLES,48
MAINE,KENNEBEC,AUGUSTA,525
MAINE,KENNEBEC,CLINTON,2
MAINE,KENNEBEC,GARDINER,13
MAINE,KENNEBEC,HALLOWELL,5
MAINE,KENNEBEC,MONMOUTH,4
MAINE,KENNEBEC,OAKLAND,11
MAINE,KENNEBEC,WATERVILLE,41
MAINE,KENNEBEC,WINSLOW,15
MAINE,KENNEBEC,WINTHROP,14
MAINE,LINCOLN,BOOTHBAY HARBOR,7
MAINE,LINCOLN,DAMARISCOTTA,6
MAINE,LINCOLN,WALDOBORO,8
MAINE,LINCOLN,WISCASSET,30
MAINE,SOMERSET,FAIRFIELD,11
MAINE,SOMERSET,MADISON,25
MAINE,SOMERSET,PITTSFIELD,5
MAINE,SOMERSET,SKOWHEGAN,13
MARYLAND,CALVERT,PRINCE FREDERICK,185
MARYLAND,DORCHESTER,CAMBRIDGE,91
MARYLAND,DORCHESTER,EASTON,38
MARYLAND,DORCHESTER,HURLOCK,10
MARYLAND,FREDERICK,BRUNSWICK,12
MARYLAND,FREDERICK,FREDERICK,497
MARYLAND,FREDERICK,THURMONT,15
MARYLAND,HARFORD,ABERDEEN,51
MARYLAND,HARFORD,BEL AIR,422
MARYLAND,HARFORD,BELAIR,68
MARYLAND,HARFORD,HAVRE DE GRACE,45
MARYLAND,PRINCE GEORGE'S,BERWYN HEIGHTS,9
MARYLAND,PRINCE GEORGE'S,BLADENSBURG,26
MARYLAND,PRINCE GEORGE'S,BOWIE,107
MARYLAND,PRINCE GEORGE'S,BRENTWOOD,6
MARYLAND,PRINCE GEORGE'S,CAPITOL HEIGHTS,11
MARYLAND,PRINCE GEORGE'S,CHEVERLY,15
MARYLAND,PRINCE GEORGE'S,COLLEGE PARK,127
MARYLAND,PRINCE GEORGE'S,COLMAR MANOR,4
MARYLAND,PRINCE GEORGE'S,COTTAGE CITY,3
MARYLAND,PRINCE GEORGE'S,DISTRICT HEIGHTS,12
MARYLAND,PRINCE GEORGE'S,EDMONSTON,7
MARYLAND,PRINCE GEORGE'S,FAIRMOUNT HEIGHTS,1
MARYLAND,PRINCE GEORGE'S,FOREST HEIGHTS,9
MARYLAND,PRINCE GEORGE'S,FORESTVILLE,103
MARYLAND,PRINCE GEORGE'S,GLENARDEN,14
MARYLAND,PRINCE GEORGE'S,GREENBELT,63
MARYLAND,PRINCE GEORGE'S,HYATTSVILLE,50
MARYLAND,PRINCE GEORGE'S,LANDOVER,1888
MARYLAND,PRINCE GEORGE'S,LANDOVER HILLS,6
MARYLAND,PRINCE GEORGE'S,LARGO,0
MARYLAND,PRINCE GEORGE'S,LAUREL,85
MARYLAND,PRINCE GEORGE'S,MT. RAINIER,21
MARYLAND,PRINCE GEORGE'S,NEW CARROLTON,27
MARYLAND,PRINCE GEORGE'S,RIVERDALE,130
MARYLAND,PRINCE GEORGE'S,RIVERDALE PARK,28
MARYLAND,PRINCE GEORGE'S,SEAT PLEASANT,17
MARYLAND,PRINCE GEORGE'S,SUITLAND,8
MARYLAND,PRINCE GEORGE'S,UNIVERSITY PARK,9
MARYLAND,PRINCE GEORGE'S,UPPER MARLBORO,3
MARYLAND,TALBOT,EASTON,126
MARYLAND,TALBOT,"EASTON,",54
MARYLAND,TALBOT,OXFORD,3
MARYLAND,TALBOT,ST. MICHAELS,9
MARYLAND,TALBOT,TRAPPE,1
MARYLAND,WORCESTER,BERLIN,67
MARYLAND,WORCESTER,OCEAN CITY,126
MARYLAND,WORCESTER,OCEAN PINES,18
MARYLAND,WORCESTER,POCOMOKE CITY,23
MARYLAND,WORCESTER,SNOW HILL,66
MASSACHUSETTS,BARNSTABLE,BREWSTER,29
MASSACHUSETTS,BARNSTABLE,BUZZARDS BAY,47
MASSACHUSETTS,BARNSTABLE,CHATHAM,26
MASSACHUSETTS,BARNSTABLE,EASTHAM,22
MASSACHUSETTS,BARNSTABLE,FALMOUTH,59
MASSACHUSETTS,BARNSTABLE,HARWICH,37
MASSACHUSETTS,BARNSTABLE,HYANNIS,128
MASSACHUSETTS,BARNSTABLE,MA,0
MASSACHUSETTS,BARNSTABLE,MASHPEE,42
MASSACHUSETTS,BARNSTABLE,ORLEANS,27
MASSACHUSETTS,BARNSTABLE,PROVINCETOWN,25
MASSACHUSETTS,BARNSTABLE,SANDWICH,45
MASSACHUSETTS,BARNSTABLE,SO DENNIS,52
MASSACHUSETTS,BARNSTABLE,TRURO,17
MASSACHUSETTS,BARNSTABLE,WELLFLEET,19
MASSACHUSETTS,BARNSTABLE,WEST YARMOUTH,73
MASSACHUSETTS,BERKSHIRE,ADAMS,17
MASSACHUSETTS,BERKSHIRE,BECKET,4
MASSACHUSETTS,BERKSHIRE,CHESHIRE,1
MASSACHUSETTS,BERKSHIRE,DALTON,11
MASSACHUSETTS,BERKSHIRE,GREAT BARRINGTON,16
MASSACHUSETTS,BERKSHIRE,HINSDALE,1
MASSACHUSETTS,BERKSHIRE,LANESBORO,6
MASSACHUSETTS,BERKSHIRE,LEE,12
MASSACHUSETTS,BERKSHIRE,LENOX,10
MASSACHUSETTS,BERKSHIRE,MA,0
MASSACHUSETTS,BERKSHIRE,MONTEREY,2
MASSACHUSETTS,BERKSHIRE,NORTH ADAMS,49
MASSACHUSETTS,BERKSHIRE,NORTH EGREMONT,3
MASSACHUSETTS,BERKSHIRE,PITTSFIELD,114
MASSACHUSETTS,BERKSHIRE,RICHMOND,1
MASSACHUSETTS,BERKSHIRE,SAVOY,0
MASSACHUSETTS,BERKSHIRE,SHEFFIELD,6
MASSACHUSETTS,BERKSHIRE,STOCKBRIDGE,7
MASSACHUSETTS,BERKSHIRE,WILLIAMSTOWN,14
MASSACHUSETTS,NANTUCKET,MA,0
MASSACHUSETTS,NANTUCKET,NANTUCKET,51
MICHIGAN,ALGER,MUNISING,23
MICHIGAN,CHEBOYGAN,CHEBOYGAN,46
MICHIGAN,CHEBOYGAN,INDIAN RIVER,8
MICHIGAN,CHEBOYGAN,MACKINAW CITY,6
MICHIGAN,CLARE,CLARE,8
MICHIGAN,CLARE,HARRISON,31
MICHIGAN,CLARE,ROCKFORD,1
MICHIGAN,CRAWFORD,GRAYLING,33
MICHIGAN,CRAWFORD,WILLAMSBURG,16
MICHIGAN,GLADWIN,BEAVERTON,2
MICHIGAN,GLADWIN,GLADWIN,46
MICHIGAN,GRATIOT,ALMA,16
MICHIGAN,GRATIOT,BRECKENRIDGE,1
MICHIGAN,GRATIOT,ITHACA,41
MICHIGAN,GRATIOT,SAINT LOUIS,7
MICHIGAN,IONIA,BELDING,8
MICHIGAN,IONIA,IONIA,75
MICHIGAN,IONIA,LAKE ODESSA,3
MICHIGAN,IONIA,PORTLAND,6
MICHIGAN,KENT,GRAND RAPIDS,1050
MICHIGAN,KENT,GRANDVILLE,26
MICHIGAN,KENT,LOWELL,6
MICHIGAN,KENT,ROCKFORD,144
MICHIGAN,KENT,SAND LAKE,1
MICHIGAN,KENT,SPARTA,6
MICHIGAN,KENT,WYOMING,102
MICHIGAN,LEELANAU,LELAND,1
MICHIGAN,LEELANAU,SUTTONS BAY,63
MICHIGAN,MARQUETTE,GWINN,9
MICHIGAN,MARQUETTE,ISHPEMING,10
MICHIGAN,MARQUETTE,MARQUETTE,127
MICHIGAN,MARQUETTE,NEGAUNEE,98
MICHIGAN,MISSAUKEE,LAKE CITY,26
MICHIGAN,MISSAUKEE,ROCKFORD,1
MICHIGAN,OCEANA,HART,74
MICHIGAN,OCEANA,HESPERIA,2
MICHIGAN,OCEANA,NEW ERA,1
MICHIGAN,OCEANA,PENTWATER,3
MICHIGAN,OCEANA,ROTHBURY,1
MICHIGAN,OCEANA,SHELBY,3
MICHIGAN,ONTONAGON,MARQUETTE,1
MICHIGAN,ONTONAGON,ONTONAGON,5
MICHIGAN,SAGINAW,BIRCH RUN,6
MICHIGAN,SAGINAW,BRIDGEPORT,11
MICHIGAN,SAGINAW,CHESANING,5
MICHIGAN,SAGINAW,FRANKENMUTH,7
MICHIGAN,SAGINAW,FREELAND,6
MICHIGAN,SAGINAW,HEMLOCK,3
MICHIGAN,SAGINAW,SAGINAW,334
MICHIGAN,SAGINAW,SAINT CHARLES,2
MICHIGAN,SHIAWASSEE,BANCROFT,1
MICHIGAN,SHIAWASSEE,BYRON,1
MICHIGAN,SHIAWASSEE,CORUNNA,55
MICHIGAN,SHIAWASSEE,DURAND,6
MICHIGAN,SHIAWASSEE,LAINGSBURG,1
MICHIGAN,SHIAWASSEE,LENNON,1
MICHIGAN,SHIAWASSEE,MORRICE,2
MICHIGAN,SHIAWASSEE,NEW LOTHROP,1
MICHIGAN,SHIAWASSEE,OWOSSO,18
MICHIGAN,SHIAWASSEE,PERRY,4
MICHIGAN,SHIAWASSEE,VERNON,1
MINNESOTA,CARLTON,CARLTON,52
MINNESOTA,CARLTON,CLOQUET,24
MINNESOTA,CARLTON,MOOSE LAKE,5
MINNESOTA,CHIPPEWA,CLARA CITY,2
MINNESOTA,CHIPPEWA,MONTEVIDEO,29
MINNESOTA,DAKOTA,APPLE VALLEY,60
MINNESOTA,DAKOTA,BURNSVILLE,83
MINNESOTA,DAKOTA,EAGAN,83
MINNESOTA,DAKOTA,FARMINGTON,27
MINNESOTA,DAKOTA,HASTINGS,217
MINNESOTA,DAKOTA,INVER GROVE HEIGHTS,44
MINNESOTA,DAKOTA,LAKEVILLE,64
MINNESOTA,DAKOTA,MENDOTA HEIGHTS,18
MINNESOTA,DAKOTA,ROSEMOUNT,25
MINNESOTA,DAKOTA,SOUTH ST. PAUL,31
MINNESOTA,DAKOTA,WEST ST. PAUL,32
MINNESOTA,FREEBORN,ALBERT LEA,102
MINNESOTA,HENNEPIN,BLOOMINGTON,148
MINNESOTA,HENNEPIN,BROOKLYN CENTER,60
MINNESOTA,HENNEPIN,BROOKLYN PARK,133
MINNESOTA,HENNEPIN,CHAMPLIN,31
MINNESOTA,HENNEPIN,CORCORAN,9
MINNESOTA,HENNEPIN,CRYSTAL,35
MINNESOTA,HENNEPIN,CRYSTAL BAY,31
MINNESOTA,HENNEPIN,DAYTON,7
MINNESOTA,HENNEPIN,DEEPHAVEN,8
MINNESOTA,HENNEPIN,EDEN PRAIRIE,93
MINNESOTA,HENNEPIN,EDINA,72
MINNESOTA,HENNEPIN,GOLDEN VALLEY,41
MINNESOTA,HENNEPIN,HOPKINS,36
MINNESOTA,HENNEPIN,MAPLE GROVE,79
MINNESOTA,HENNEPIN,MAPLE PLAIN,11
MINNESOTA,HENNEPIN,MEDINA,11
MINNESOTA,HENNEPIN,MINNEAPOLIS,1990
MINNESOTA,HENNEPIN,MINNETONKA,69
MINNESOTA,HENNEPIN,MINNETRISTA,15
MINNESOTA,HENNEPIN,NEW HOPE,43
MINNESOTA,HENNEPIN,OSSEO,6
MINNESOTA,HENNEPIN,PLYMOUTH,103
MINNESOTA,HENNEPIN,RICHFIELD,50
MINNESOTA,HENNEPIN,ROBBINSDALE,28
MINNESOTA,HENNEPIN,ROGERS,21
MINNESOTA,HENNEPIN,SHOREWOOD,16
MINNESOTA,HENNEPIN,ST. LOUIS PARK,67
MINNESOTA,HENNEPIN,ST. PAUL,137
MINNESOTA,HENNEPIN,WAYZATA,14
MINNESOTA,LAC QUI PARLE,DAWSON,3
MINNESOTA,LAC QUI PARLE,MADISON,12
MINNESOTA,MARTIN,FAIRMONT,52
MINNESOTA,MARTIN,TRIMONT,0
MINNESOTA,MARTIN,TRUMAN,0
MINNESOTA,MARTIN,WELCOME,0
MINNESOTA,MEEKER,COSMOS,0
MINNESOTA,MEEKER,EDEN VALLEY,1
MINNESOTA,MEEKER,LITCHFIELD,56
MINNESOTA,MILLE LACS,ISLE,3
MINNESOTA,MILLE LACS,MILACA,89
MINNESOTA,MILLE LACS,ONAMIA,36
MINNESOTA,MILLE LACS,PRINCETON,13
MINNESOTA,NICOLLET,NORTH MANKATO,15
MINNESOTA,NICOLLET,SAINT PETER,41
MINNESOTA,NICOLLET,ST. PETER,18
MINNESOTA,OTTER TAIL,BATTLE LAKE,0
MINNESOTA,OTTER TAIL,FERGUS FALLS,110
MINNESOTA,OTTER TAIL,HENNING,0
MINNESOTA,OTTER TAIL,NEW YORK MILLS,0
MINNESOTA,OTTER TAIL,PARKERS PRAIRIE,0
MINNESOTA,OTTER TAIL,PELICAN RAPIDS,0
MINNESOTA,OTTER TAIL,PERHAM,0
MINNESOTA,PENNINGTON,THIEF RIVER FALLS,77
MINNESOTA,PIPESTONE,PIPESTONE,24
MINNESOTA,POPE,GLENWOOD,21
MINNESOTA,POPE,STARBUCK,4
MINNESOTA,RAMSEY,MAPLEWOOD,55
MINNESOTA,RAMSEY,MOUNDS VIEW,20
MINNESOTA,RAMSEY,NEW BRIGHTON,33
MINNESOTA,RAMSEY,NORTH ST. PAUL,19
MINNESOTA,RAMSEY,ROSEVILLE,56
MINNESOTA,RAMSEY,SAINT PAUL,462
MINNESOTA,RAMSEY,ST PAUL,910
MINNESOTA,RAMSEY,ST. PAUL,796
MINNESOTA,RAMSEY,WHITE BEAR LAKE,37
MINNESOTA,RICE,DUNDAS,0
MINNESOTA,RICE,FARIBAULT,92
MINNESOTA,RICE,LONSDALE,9
MINNESOTA,RICE,MORRISTOWN,0
MINNESOTA,RICE,NORTHFIELD,27
MINNESOTA,STEVENS,HANCOCK,0
MINNESOTA,STEVENS,MORRIS,31
MINNESOTA,SWIFT,APPLETON,3
MINNESOTA,SWIFT,BENSON,25
MINNESOTA,WASECA,JANESVILLE,3
MINNESOTA,WASECA,NEW RICHLAND,1
MINNESOTA,WASECA,WASECA,46
MISSISSIPPI,ATTALA,KOSCIUSKO,36
MISSISSIPPI,CHOCTAW,ACKERMAN,19
MISSISSIPPI,COPIAH,CRYSTAL SPRINGS,17
MISSISSIPPI,COPIAH,HAZLEHURST,41
MISSISSIPPI,COVINGTON,COLLINS,30
MISSISSIPPI,COVINGTON,MOUNT OLIVE,0
MISSISSIPPI,HANCOCK,BAY SAINT LOUIS,36
MISSISSIPPI,HANCOCK,KILN,122
MISSISSIPPI,HANCOCK,WAVELAND,18
MISSISSIPPI,HOLMES,DURANT,8
MISSISSIPPI,HOLMES,LEXINGTON,32
MISSISSIPPI,HOLMES,PICKENS,6
MISSISSIPPI,HOLMES,TCHULA,3
MISSISSIPPI,ISSAQUENA,MAYERSVILLE,6
MISSISSIPPI,JASPER,BAY SPRINGS,21
MISSISSIPPI,JASPER,HEIDELBERG,5
MISSISSIPPI,KEMPER,DE KALB,17
MISSISSIPPI,KEMPER,DEKALB,6
MISSISSIPPI,KEMPER,SCOOBA,2
MISSISSIPPI,LAMAR,PURVIS,87
MISSISSIPPI,LOWNDES,COLUMBUS,159
MISSISSIPPI,MADISON,CANTON,101
MISSISSIPPI,MADISON,FLORA,9
MISSISSIPPI,MADISON,MADISON,86
MISSISSIPPI,MADISON,RIDGELAND,89
MISSISSIPPI,PRENTISS,BOONEVILLE,56
MISSISSIPPI,SHARKEY,ROLLING FORK,15
MISSISSIPPI,SIMPSON,MAGEE,21
MISSISSIPPI,SIMPSON,MENDENHALL,42
MISSISSIPPI,SMITH,RALEIGH,12
MISSISSIPPI,TATE,COLDWATER,4
MISSISSIPPI,TATE,SENATOBIA,44
MISSISSIPPI,TISHOMINGO,IUKA,41
MISSISSIPPI,WASHINGTON,GREENVILLE,189
MISSISSIPPI,WASHINGTON,HOLLANDALE,12
MISSISSIPPI,WASHINGTON,LELAND,23
MISSOURI,BENTON,COLE CAMP,2
MISSOURI,BENTON,LINCOLN,3
MISSOURI,BENTON,WARSAW,33
MISSOURI,CALLAWAY,AUXVASSE,0
MISSOURI,CALLAWAY,FULTON,59
MISSOURI,CALLAWAY,HOLTS SUMMIT,10
MISSOURI,CALLAWAY,NEW BLOOMFIELD,0
MISSOURI,CHARITON,KEYTESVILLE,15
MISSOURI,CHARITON,SALISBURY,5
MISSOURI,CLARK,KAHOKA,14
MISSOURI,DENT,SALEM,36
MISSOURI,DUNKLIN,ARBYRD,1
MISSOURI,DUNKLIN,CAMPBELL,3
MISSOURI,DUNKLIN,CARDWELL,2
MISSOURI,DUNKLIN,CLARKTON,4
MISSOURI,DUNKLIN,HOLCOMB,2
MISSOURI,DUNKLIN,HORNERSVILLE,3
MISSOURI,DUNKLIN,KENNETT,50
MISSOURI,DUNKLIN,MALDEN,16
MISSOURI,DUNKLIN,SENATH,3
MISSOURI,HICKORY,HERMITAGE,14
MISSOURI,HOLT,MOUND CITY,2
MISSOURI,HOLT,OREGON,11
MISSOURI,IRON,ANNAPOLIS,1
MISSOURI,IRON,ARCADIA,0
MISSOURI,IRON,IRONTON,20
MISSOURI,IRON,PILOT KNOB,2
MISSOURI,IRON,VIBURNUM,2
MISSOURI,JEFFERSON,ARNOLD,55
MISSOURI,JEFFERSON,CRYSTAL CITY,22
MISSOURI,JEFFERSON,DESOTO,19
MISSOURI,JEFFERSON,FESTUS,35
MISSOURI,JEFFERSON,HERCULANEUM,12
MISSOURI,JEFFERSON,HILLSBORO,230
MISSOURI,JEFFERSON,HOUSE SPRINGS,8
MISSOURI,JEFFERSON,KIMMSWICK,0
MISSOURI,JEFFERSON,PEVELY,20
MISSOURI,LEWIS,CANTON,5
MISSOURI,LEWIS,LAGRANGE,4
MISSOURI,LEWIS,MONTICELLO,12
MISSOURI,MONTGOMERY,BELLFLOWER,0
MISSOURI,MONTGOMERY,JONESBURG,1
MISSOURI,MONTGOMERY,MONTGOMERY CITY,24
MISSOURI,MONTGOMERY,NEW FLORENCE,1
MISSOURI,MONTGOMERY,WELLSVILLE,2
MISSOURI,PEMISCOT,CARUTHERSVILLE,62
MISSOURI,PEMISCOT,COOTER,0
MISSOURI,PEMISCOT,HAYTI,10
MISSOURI,PEMISCOT,STEELE,5
MISSOURI,PEMISCOT,WARDELL,1
MISSOURI,POLK,BOLIVAR,57
MISSOURI,POLK,FAIR PLAY,1
MISSOURI,POLK,HUMANSVILLE,1
MISSOURI,POLK,PLEASANT HOPE,1
MISSOURI,POLK,RICHMOND,0
MISSOURI,SALINE,BLACKBURN,0
MISSOURI,SALINE,EMMA,0
MISSOURI,SALINE,MARSHALL,70
MISSOURI,SALINE,SLATER,5
MISSOURI,SALINE,SWEET SPRINGS,3
MISSOURI,SCOTLAND,MEMPHIS,9
MISSOURI,VERNON,NEVADA,58
MISSOURI,WASHINGTON,POTOSI,45
MONTANA,CARBON,BRIDGER,2
MONTANA,CARBON,RED LODGE,24
MONTANA,CUSTER,MILES CITY,33
MONTANA,FERGUS,LEWISTOWN,39
MONTANA,POWELL,DEER LODGE,17
MONTANA,SANDERS,HOT SPRINGS,2
MONTANA,SANDERS,PLAINS,3
MONTANA,SANDERS,THOMPSON FALLS,23
MONTANA,STILLWATER,COLUMBUS,22
MONTANA,TREASURE,HYSHAM,2
NEBRASKA,CHEYENNE,SCOTTSBLUFF,0
NEBRASKA,CHEYENNE,SIDNEY,37
NEBRASKA,DODGE,FREMONT,65
NEBRASKA,DODGE,OMAHA,0
NEBRASKA,DODGE,SCRIBNER,2
NEBRASKA,FRANKLIN,FRANKLIN,7
NEBRASKA,FRANKLIN,NB,0
NEBRASKA,GARFIELD,BURWELL,2
NEBRASKA,GARFIELD,NB,0
NEBRASKA,GREELEY,GREELEY,3
NEBRASKA,GREELEY,NB,0
NEBRASKA,HOLT,O'NEILL,8
NEBRASKA,HOLT,ONEILL,10
NEBRASKA,KIMBALL,KIMBALL,13
NEBRASKA,LINCOLN,NB,0
NEBRASKA,LINCOLN,NORTH PLATTE,122
NEBRASKA,LOGAN,NB,0
NEBRASKA,LOGAN,STAPLETON,2
NEBRASKA,RICHARDSON,FALLS CITY,36
NEBRASKA,RICHARDSON,NB,0
NEBRASKA,ROCK,BASSETT,7
NEBRASKA,ROCK,NB,0
NEBRASKA,SCOTTS BLUFF,GERING,43
NEBRASKA,SCOTTS BLUFF,MINATARE,2
NEBRASKA,SCOTTS BLUFF,MITCHELL,4
NEBRASKA,SCOTTS BLUFF,NB,0
NEBRASKA,SCOTTS BLUFF,SCOTTSBLUFF,35
NEBRASKA,THAYER,HEBRON,11
NEBRASKA,THOMAS,NB,0
NEBRASKA,THOMAS,THEDFORD,1
NEBRASKA,VALLEY,NB,0
NEBRASKA,VALLEY,ORD,12
NEVADA,STOREY,VIRGINIA CITY,27
NEW HAMPSHIRE,HILLSBOROUGH,AMHERST,24
NEW HAMPSHIRE,HILLSBOROUGH,ANTRIM,6
NEW HAMPSHIRE,HILLSBOROUGH,BEDFORD,47
NEW HAMPSHIRE,HILLSBOROUGH,BENNINGTON,2
NEW HAMPSHIRE,HILLSBOROUGH,BROOKLINE,9
NEW HAMPSHIRE,HILLSBOROUGH,DEERING,2
NEW HAMPSHIRE,HILLSBOROUGH,GOFFSTOWN,68
NEW HAMPSHIRE,HILLSBOROUGH,GREENFIELD,2
NEW HAMPSHIRE,HILLSBOROUGH,GREENVILLE,6
NEW HAMPSHIRE,HILLSBOROUGH,HANCOCK,3
NEW HAMPSHIRE,HILLSBOROUGH,HILLSBORO,19
NEW HAMPSHIRE,HILLSBOROUGH,HOLLIS,15
NEW HAMPSHIRE,HILLSBOROUGH,HUDSON,65
NEW HAMPSHIRE,HILLSBOROUGH,LITCHFIELD,13
NEW HAMPSHIRE,HILLSBOROUGH,LYNDEBOROUGH,1
NEW HAMPSHIRE,HILLSBOROUGH,MANCHESTER,288
NEW HAMPSHIRE,HILLSBOROUGH,MASON,1
NEW HAMPSHIRE,HILLSBOROUGH,MERRIMACK,52
NEW HAMPSHIRE,HILLSBOROUGH,MILFORD,30
NEW HAMPSHIRE,HILLSBOROUGH,MOUNT VERNON,3
NEW HAMPSHIRE,HILLSBOROUGH,NASHUA,235
NEW HAMPSHIRE,HILLSBOROUGH,NEW BOSTON,8
NEW HAMPSHIRE,HILLSBOROUGH,NEW IPSWICH,6
NEW HAMPSHIRE,HILLSBOROUGH,PELHAM,28
NEW HAMPSHIRE,HILLSBOROUGH,PETERBOROUH,13
NEW HAMPSHIRE,HILLSBOROUGH,TEMPLE,0
NEW HAMPSHIRE,HILLSBOROUGH,WEARE,10
NEW HAMPSHIRE,HILLSBOROUGH,WILTON,8
NEW HAMPSHIRE,STRAFFORD,CTR. STRAFFORD,5
NEW HAMPSHIRE,STRAFFORD,DOVER,102
NEW HAMPSHIRE,STRAFFORD,DURHAM,23
NEW HAMPSHIRE,STRAFFORD,FARMINGTON,15
NEW HAMPSHIRE,STRAFFORD,LEE,8
NEW HAMPSHIRE,STRAFFORD,MADBURY,0
NEW HAMPSHIRE,STRAFFORD,MIDDLETON,3
NEW HAMPSHIRE,STRAFFORD,MILTON,9
NEW HAMPSHIRE,STRAFFORD,NEW DURHAM,4
NEW HAMPSHIRE,STRAFFORD,ROCHESTER,68
NEW HAMPSHIRE,STRAFFORD,ROLLINSFORD,4
NEW HAMPSHIRE,STRAFFORD,SOMERSWORTH,32
NEW JERSEY,BURLINGTON,BEVERLY,7
NEW JERSEY,BURLINGTON,BORDENTOWN,38
NEW JERSEY,BURLINGTON,BURLINGTON,84
NEW JERSEY,BURLINGTON,CHESTERFIELD,11
NEW JERSEY,BURLINGTON,CINNAMINSON,24
NEW JERSEY,BURLINGTON,COLUMBUS,14
NEW JERSEY,BURLINGTON,COOKSTOWN,3
NEW JERSEY,BURLINGTON,DELANCO,12
NEW JERSEY,BURLINGTON,DELRAN,34
NEW JERSEY,BURLINGTON,EASTAMPTON,16
NEW JERSEY,BURLINGTON,EDGEWATER PARK,15
NEW JERSEY,BURLINGTON,FIELDSBORO,0
NEW JERSEY,BURLINGTON,FLORENCE,27
NEW JERSEY,BURLINGTON,JOBSTOWN,10
NEW JERSEY,BURLINGTON,LUMBERTON,20
NEW JERSEY,BURLINGTON,MAPLE SHADE,36
NEW JERSEY,BURLINGTON,MARLTON,85
NEW JERSEY,BURLINGTON,MEDFORD,34
NEW JERSEY,BURLINGTON,MEDFORD LAKES,10
NEW JERSEY,BURLINGTON,MOORESTOWN,37
NEW JERSEY,BURLINGTON,MOUNT HOLLY,240
NEW JERSEY,BURLINGTON,MOUNT LAUREL,69
NEW JERSEY,BURLINGTON,PALMYRA,19
NEW JERSEY,BURLINGTON,PEMBERTON,50
NEW JERSEY,BURLINGTON,RIVERSIDE,14
NEW JERSEY,BURLINGTON,RIVERTON,6
NEW JERSEY,BURLINGTON,WESTAMPTON,25
NEW JERSEY,BURLINGTON,WILLINGBORO,75
NEW JERSEY,BURLINGTON,WRIGHTSTOWN,11
NEW JERSEY,CAMDEN,ATCO,26
NEW JERSEY,CAMDEN,AUDUBON,46
NEW JERSEY,CAMDEN,BARRINGTON,16
NEW JERSEY,CAMDEN,BELLMAWR,23
NEW JERSEY,CAMDEN,BERLIN,18
NEW JERSEY,CAMDEN,BLACKWOOD,147
NEW JERSEY,CAMDEN,BRADDOCK,79
NEW JERSEY,CAMDEN,BROOKLAWN,6
NEW JERSEY,CAMDEN,CAMDEN,1010
NEW JERSEY,CAMDEN,CHERRY HILL,166
NEW JERSEY,CAMDEN,CHESILHURST,9
NEW JERSEY,CAMDEN,CLEMENTON,13
NEW JERSEY,CAMDEN,COLLINGSWOOD,27
NEW JERSEY,CAMDEN,GIBBSBORO,10
NEW JERSEY,CAMDEN,GLOUCESTER CITY,31
NEW JERSEY,CAMDEN,HADDON HEIGHTS,16
NEW JERSEY,CAMDEN,HADDONFIELD,23
NEW JERSEY,CAMDEN,HI-NELLA,12
NEW JERSEY,CAMDEN,LAUREL SPRINGS,7
NEW JERSEY,CAMDEN,LAWNSIDE,9
NEW JERSEY,CAMDEN,LINDENWOLD,44
NEW JERSEY,CAMDEN,MAGNOLIA,11
NEW JERSEY,CAMDEN,MERCHANTVILLE,15
NEW JERSEY,CAMDEN,MOUNT EPHRAIM,13
NEW JERSEY,CAMDEN,OAKLYN,23
NEW JERSEY,CAMDEN,PENNSAUKEN,81
NEW JERSEY,CAMDEN,PINE HILL,24
NEW JERSEY,CAMDEN,PINE VALLEY,6
NEW JERSEY,CAMDEN,RUNNEMEDE,17
NEW JERSEY,CAMDEN,SOMEDALE,15
NEW JERSEY,CAMDEN,STRATFORD,17
NEW JERSEY,CAMDEN,VOORHEES,58
NEW JERSEY,CAMDEN,WEST BERLIN,18
NEW JERSEY,CAMDEN,WESTMONT,27
NEW JERSEY,CAPE MAY,AVALON,29
NEW JERSEY,CAPE MAY,CAPE MAY,41
NEW JERSEY,CAPE MAY,CAPE MAY COURT HOUSE,295
NEW JERSEY,CAPE MAY,ERMA,57
NEW JERSEY,CAPE MAY,NORTH WILDWOOD,36
NEW JERSEY,CAPE MAY,OCEAN CITY,73
NEW JERSEY,CAPE MAY,SEA ISLE,28
NEW JERSEY,CAPE MAY,STONE HARBOR,19
NEW JERSEY,CAPE MAY,WEST WILDWOOD,5
NEW JERSEY,CAPE MAY,WILDWOOD,49
NEW JERSEY,CAPE MAY,WILDWOOD CREST,26
NEW JERSEY,MERCER,EAST WINDSOR,49
NEW JERSEY,MERCER,EWING,124
NEW JERSEY,MERCER,HAMILTON,205
NEW JERSEY,MERCER,HIGHTSTOWN,14
NEW JERSEY,MERCER,LAWRENCEVILLE,62
NEW JERSEY,MERCER,PENNINGTON,6
NEW JERSEY,MERCER,PRINCETON,70
NEW JERSEY,MERCER,PRINCETON JUNCTION,59
NEW JERSEY,MERCER,ROBBINSVILLE,34
NEW JERSEY,MERCER,TITUSVILLE,41
NEW JERSEY,MERCER,TRENTON,956
NEW JERSEY,MONMOUTH,ABERDEEN,42
NEW JERSEY,MONMOUTH,ALLENHURST,13
NEW JERSEY,MONMOUTH,ALLENTOWN,6
NEW JERSEY,MONMOUTH,ASBURY PARK,90
NEW JERSEY,MONMOUTH,ATLANTIC HIGHLANDS,19
NEW JERSEY,MONMOUTH,AVON-BY-THE-SEA,11
NEW JERSEY,MONMOUTH,BELMAR,29
NEW JERSEY,MONMOUTH,BRADLEY BEACH,21
NEW JERSEY,MONMOUTH,BRIELLE,15
NEW JERSEY,MONMOUTH,COLTS NECK,21
NEW JERSEY,MONMOUTH,DEAL,22
NEW JERSEY,MONMOUTH,EATONTOWN,45
NEW JERSEY,MONMOUTH,ENGLISHTOWN,8
NEW JERSEY,MONMOUTH,FAIR HAVEN,13
NEW JERSEY,MONMOUTH,FREEHOLD,1059
NEW JERSEY,MONMOUTH,HAZLET,50
NEW JERSEY,MONMOUTH,HIGHLANDS,19
NEW JERSEY,MONMOUTH,HOLMDEL,50
NEW JERSEY,MONMOUTH,HOWELL,102
NEW JERSEY,MONMOUTH,INTERLAKEN,5
NEW JERSEY,MONMOUTH,KEANSBURG,43
NEW JERSEY,MONMOUTH,KEYPORT,23
NEW JERSEY,MONMOUTH,LAKE COMO,9
NEW JERSEY,MONMOUTH,LINCROFT,13
NEW JERSEY,MONMOUTH,LITTLE SILVER,20
NEW JERSEY,MONMOUTH,LONG BRANCH,103
NEW JERSEY,MONMOUTH,MANALAPAN,57
NEW JERSEY,MONMOUTH,MANASQUAN,21
NEW JERSEY,MONMOUTH,MARLBORO,103
NEW JERSEY,MONMOUTH,MATAWAN,22
NEW JERSEY,MONMOUTH,MIDDLETOWN,135
NEW JERSEY,MONMOUTH,MONMOUTH BEACH,10
NEW JERSEY,MONMOUTH,NEPTUNE,83
NEW JERSEY,MONMOUTH,NEPTUNE CITY,19
NEW JERSEY,MONMOUTH,OAKHURST,74
NEW JERSEY,MONMOUTH,OCEANPORT,16
NEW JERSEY,MONMOUTH,RED BANK,47
NEW JERSEY,MONMOUTH,RUMSON,20
NEW JERSEY,MONMOUTH,SEA BRIGHT,11
NEW JERSEY,MONMOUTH,SEA GIRT,11
NEW JERSEY,MONMOUTH,SHREWSBURY,21
NEW JERSEY,MONMOUTH,SPRING LAKE,13
NEW JERSEY,MONMOUTH,SPRING LAKE HEIGHTS,12
NEW JERSEY,MONMOUTH,TINTON FALLS,42
NEW JERSEY,MONMOUTH,UNION BEACH,18
NEW JERSEY,MONMOUTH,WALL TOWNSHIP,91
NEW JERSEY,MONMOUTH,WEST LONG BRANCH,22
NEW MEXICO,BERNALILLO,ALBUQUERQUE,1786
NEW MEXICO,BERNALILLO,ISLETA,0
NEW MEXICO,DE BACA,FORT SUMNER,5
NEW MEXICO,GUADALUPE,SANTA ROSA,19
NEW MEXICO,HARDING,MOSQUERO,2
NEW MEXICO,LINCOLN,CAPITAN,3
NEW MEXICO,LINCOLN,CARRIZOZO,37
NEW MEXICO,LINCOLN,RUIDOSO,34
NEW MEXICO,LINCOLN,RUIDOSO DOWNS,12
NEW MEXICO,LOS ALAMOS,LOS ALAMOS,70
NEW MEXICO,MCKINLEY,GALLUP,114
NEW MEXICO,MCKINLEY,RAMAH,15
NEW MEXICO,MCKINLEY,ZUNI,34
NEW MEXICO,ROOSEVELT,PORTALES,54
NEW MEXICO,SAN JUAN,AZTEC,104
NEW MEXICO,SAN JUAN,BLOOMFIELD,23
NEW MEXICO,SAN JUAN,FARMINGTON,169
NEW MEXICO,SIERRA,T OR C,13
NEW MEXICO,SIERRA,TRUTH OR CONSEQUENCES,16
NEW MEXICO,TORRANCE,ESTANCIA,23
NEW MEXICO,TORRANCE,MORIARTY,11
NEW YORK,CHEMUNG,CANANDAIGUA,0
NEW YORK,CHEMUNG,ELMIRA,138
NEW YORK,CHEMUNG,ELMIRA HEIGHTS,10
NEW YORK,CHEMUNG,HORSEHEADS,10
NEW YORK,CHEMUNG,WEST ELMIRA,4
NEW YORK,MADISON,CANASTOTA,48
NEW YORK,MADISON,CAZENOVIA,5
NEW YORK,MADISON,CHITTENANGO,3
NEW YORK,MADISON,HAMILTON,5
NEW YORK,MADISON,MORRISVILLE,14
NEW YORK,MADISON,ONEIDA,27
NEW YORK,MADISON,WAMPSVILLE,44
NEW YORK,NEW YORK,BRONX,0
NEW YORK,NEW YORK,NEW YORK,52151
NEW YORK,OSWEGO,CENTRAL SQUARE,6
NEW YORK,OSWEGO,FULTON,34
NEW YORK,OSWEGO,ONEIDA,0
NEW YORK,OSWEGO,OSWEGO,166
NEW YORK,OSWEGO,PHOENIX,1
NEW YORK,OSWEGO,PULASKI,1
NEW YORK,OTSEGO,COOPERSTOWN,25
NEW YORK,OTSEGO,ONEONTA,54
NEW YORK,OTSEGO,SIDNEY,0
NEW YORK,PUTNAM,BREWSTER,1
NEW YORK,PUTNAM,CARMEL,100
NEW YORK,PUTNAM,COLD SPRING,2
NEW YORK,PUTNAM,KENT LAKES,25
NEW YORK,PUTNAM,MAHOPAC,38
NEW YORK,PUTNAM,POUGHKEEPSIE,0
NEW YORK,RENSSELAER,CASTLETON,11
NEW YORK,RENSSELAER,HOOSICK FALLS,1
NEW YORK,RENSSELAER,LOUDONVILLE,0
NEW YORK,RENSSELAER,NASSAU,2
NEW YORK,RENSSELAER,RENSSELAER,64
NEW YORK,RENSSELAER,TROY,201
NEW YORK,SCHOHARIE,COBLESKILL,23
NEW YORK,SCHOHARIE,LOUDONVILLE,0
NEW YORK,SCHOHARIE,SCHOHARIE,32
NEW YORK,SCHUYLER,CANANDAIGUA,0
NEW YORK,SCHUYLER,WATKINS GLEN,24
NEW YORK,STEUBEN,ADDISON,3
NEW YORK,STEUBEN,ATLANTA,1
NEW YORK,STEUBEN,BATH,61
NEW YORK,STEUBEN,CANANDAIGUA,0
NEW YORK,STEUBEN,CANISTEO,3
NEW YORK,STEUBEN,CORNING,24
NEW YORK,STEUBEN,HAMMONDSPORT,2
NEW YORK,STEUBEN,HORNELL,23
NEW YORK,STEUBEN,PAINTED POST,4
NEW YORK,STEUBEN,WAYLAND,1
NEW YORK,ULSTER,ELLENVILLE,12
NEW YORK,ULSTER,HIGHLAND,13
NEW YORK,ULSTER,KINGSTON,135
NEW YORK,ULSTER,LAKE KATRINE,26
NEW YORK,ULSTER,MIDDLETOWN,0
NEW YORK,ULSTER,MILTON,10
NEW YORK,ULSTER,MODENA,0
NEW YORK,ULSTER,NEW PALTZ,50
NEW YORK,ULSTER,OLIVEBRIDGE,228
NEW YORK,ULSTER,ROSENDALE,2
NEW YORK,ULSTER,SAUGERTIES,28
NEW YORK,ULSTER,SHANDAKEN,4
NEW YORK,ULSTER,SHOKAN,1
NEW YORK,ULSTER,WALLKILL,4
NEW YORK,ULSTER,WOODSTOCK,10
NORTH CAROLINA,ALLEGHANY,ROARING GAP,6
NORTH CAROLINA,ALLEGHANY,SPARTA,39
NORTH CAROLINA,ANSON,LILESVILLE,1
NORTH CAROLINA,ANSON,MORVEN,1
NORTH CAROLINA,ANSON,POLKTON,2
NORTH CAROLINA,ANSON,WADESBORO,86
NORTH CAROLINA,AVERY,BANNER ELK,9
NORTH CAROLINA,AVERY,ELK PARK,1
NORTH CAROLINA,AVERY,LINVILLE,3
NORTH CAROLINA,AVERY,NEWLAND,54
NORTH CAROLINA,AVERY,SUGAR MOUNTAIN,5
NORTH CAROLINA,BRUNSWICK,BALD HEAD ISLAND,19
NORTH CAROLINA,BRUNSWICK,BOLIVIA,261
NORTH CAROLINA,BRUNSWICK,CASWELL BEACH,4
NORTH CAROLINA,BRUNSWICK,HOLDEN BEACH,8
NORTH CAROLINA,BRUNSWICK,LELAND,33
NORTH CAROLINA,BRUNSWICK,NAVASSA,3
NORTH CAROLINA,BRUNSWICK,OAK ISLAND,23
NORTH CAROLINA,BRUNSWICK,OCEAN ISLE BEACH,13
NORTH CAROLINA,BRUNSWICK,SHALLOTTE,14
NORTH CAROLINA,BRUNSWICK,SOUTHPORT,24
NORTH CAROLINA,BRUNSWICK,SUNSET BEACH,13
NORTH CAROLINA,CALDWELL,GRANITE FALLS,17
NORTH CAROLINA,CALDWELL,HUDSON,15
NORTH CAROLINA,CALDWELL,LENOIR,173
NORTH CAROLINA,CALDWELL,RHODHISS,0
NORTH CAROLINA,CAMDEN,CAMDEN,21
NORTH CAROLINA,CAMDEN,SOUTH MILLS,6
NORTH CAROLINA,CHATHAM,PITTSBORO,143
NORTH CAROLINA,CHATHAM,SILER CITY,24
NORTH CAROLINA,CUMBERLAND,FAYETTEVILLE,1260
NORTH CAROLINA,CUMBERLAND,HOPE MILLS,40
NORTH CAROLINA,CUMBERLAND,SPRING LAKE,43
NORTH CAROLINA,DAVIDSON,LEXINGTON,242
NORTH CAROLINA,DAVIDSON,THOMASVILLE,72
NORTH CAROLINA,EDGECOMBE,PINETOPS,4
NORTH CAROLINA,EDGECOMBE,TARBORO,167
NORTH CAROLINA,FRANKLIN,BUNN,3
NORTH CAROLINA,FRANKLIN,FRANKLINTON,8
NORTH CAROLINA,FRANKLIN,LOUISBURG,136
NORTH CAROLINA,FRANKLIN,YOUNGSVILLE,11
NORTH CAROLINA,GASTON,BELMONT,39
NORTH CAROLINA,GASTON,BESSEMER CITY,13
NORTH CAROLINA,GASTON,CHERRYVILLE,19
NORTH CAROLINA,GASTON,CRAMERTON,15
NORTH CAROLINA,GASTON,DALLAS,17
NORTH CAROLINA,GASTON,GASTONIA,613
NORTH CAROLINA,GASTON,LOWELL,8
NORTH CAROLINA,GASTON,MOUNT HOLLY,40
NORTH CAROLINA,GASTON,RANLO,8
NORTH CAROLINA,GASTON,STANLEY,12
NORTH CAROLINA,GATES,GATESVILLE,17
NORTH CAROLINA,GUILFORD,GIBSONVILLE,17
NORTH CAROLINA,GUILFORD,GREENSBORO,1521
NORTH CAROLINA,GUILFORD,HIGH POINT,268
NORTH CAROLINA,HARNETT,ANGIER,14
NORTH CAROLINA,HARNETT,COATS,6
NORTH CAROLINA,HARNETT,DUNN,42
NORTH CAROLINA,HARNETT,ERWIN,10
NORTH CAROLINA,HARNETT,LILLINGTON,236
NORTH CAROLINA,HERTFORD,AHOSKIE,18
NORTH CAROLINA,HERTFORD,MURFREESBORO,7
NORTH CAROLINA,HERTFORD,WINTON,55
NORTH CAROLINA,HOKE,RAEFORD,140
NORTH CAROLINA,MACON,FRANKLIN,94
NORTH CAROLINA,MACON,HIGHLANDS,14
NORTH CAROLINA,NEW HANOVER,CAROLINA BEACH,37
NORTH CAROLINA,NEW HANOVER,CASTLE HAYNE,488
NORTH CAROLINA,NEW HANOVER,KURE BEACH,16
NORTH CAROLINA,NEW HANOVER,WILMINGTON,389
NORTH CAROLINA,NEW HANOVER,WRIGHTSVILLE BCH,25
NORTH CAROLINA,PITT,AYDEN,22
NORTH CAROLINA,PITT,BETHEL,5
NORTH CAROLINA,PITT,FARMVILLE,22
NORTH CAROLINA,PITT,GREENVILLE,596
NORTH CAROLINA,PITT,GRIFTON,6
NORTH CAROLINA,PITT,WINTERVILLE,18
NORTH CAROLINA,SAMPSON,CLINTON,163
NORTH CAROLINA,SAMPSON,NEWTON GROVE,3
NORTH CAROLINA,SAMPSON,SALEMBURG,1
NORTH CAROLINA,STOKES,DANBURY,72
NORTH CAROLINA,STOKES,KING,23
NORTH CAROLINA,SWAIN,BRYSON CITY,56
NORTH CAROLINA,SWAIN,CHEROKEE,83
NORTH CAROLINA,WAKE,APEX,105
NORTH CAROLINA,WAKE,CARY,223
NORTH CAROLINA,WAKE,FUQUAY VARINA,44
NORTH CAROLINA,WAKE,GARNER,70
NORTH CAROLINA,WAKE,HOLLY SPRINGS,60
NORTH CAROLINA,WAKE,KNIGHTDALE,29
NORTH CAROLINA,WAKE,MORRISVILLE,35
NORTH CAROLINA,WAKE,RALEIGH,4858
NORTH CAROLINA,WAKE,RDU AIRPORT,39
NORTH CAROLINA,WAKE,ROLESVILLE,20
NORTH CAROLINA,WAKE,WAKE FOREST,100
NORTH CAROLINA,WAKE,WENDELL,17
NORTH CAROLINA,WAKE,ZEBULON,19
NORTH CAROLINA,WARREN,NORLINA,5
NORTH CAROLINA,WARREN,WARRENTON,73
NORTH CAROLINA,WAYNE,FREMONT,4
NORTH CAROLINA,WAYNE,GOLDSBORO,342
NORTH CAROLINA,WAYNE,MOUNT OLIVE,21
NORTH CAROLINA,WAYNE,PIKEVILLE,4
NORTH CAROLINA,WAYNE,SEVEN SPRINGS,8
NORTH CAROLINA,WILSON,BLACK CREEK,2
NORTH CAROLINA,WILSON,STANTONSBURG,4
NORTH CAROLINA,WILSON,WILSON,275
NORTH DAKOTA,ADAMS,HETTINGER,6
NORTH DAKOTA,BARNES,VALLEY CITY,22
NORTH DAKOTA,BENSON,FORT TOTTEN,16
NORTH DAKOTA,BENSON,MINNEWAUKAN,4
NORTH DAKOTA,BILLINGS,MEDORA,9
NORTH DAKOTA,CAVALIER,LANGDON,11
NORTH DAKOTA,DUNN,KILLDEER,5
NORTH DAKOTA,DUNN,MANNING,18
NORTH DAKOTA,LOGAN,NAPOLEON,5
NORTH DAKOTA,MCHENRY,TOWNER,8
NORTH DAKOTA,MCKENZIE,WATFORD CITY,83
NORTH DAKOTA,MORTON,MANDAN,100
NORTH DAKOTA,PEMBINA,CAVALIER,22
NORTH DAKOTA,SLOPE,AMIDON,2
NORTH DAKOTA,STEELE,FINLEY,3
OHIO,BUTLER,FAIRFIELD,79
OHIO,BUTLER,HAMILTON,310
OHIO,BUTLER,MIDDLETOWN,103
OHIO,BUTLER,MONROE,17
OHIO,BUTLER,NEW MIANI,0
OHIO,BUTLER,OXFORD,69
OHIO,BUTLER,TRENTON,13
OHIO,BUTLER,WEST CHESTER,106
OHIO,CLERMONT,AMELIA,0
OHIO,CLERMONT,BATAVIA,173
OHIO,CLERMONT,BETHEL,5
OHIO,CLERMONT,CINCINNATI,78
OHIO,CLERMONT,FELICITY,0
OHIO,CLERMONT,GOSHEN,7
OHIO,CLERMONT,MILFORD,57
OHIO,CLERMONT,NEW RICHMOND,9
OHIO,CLERMONT,NEWTONSVILLE,0
OHIO,CLERMONT,OWENSVILLE,0
OHIO,CLERMONT,WILLIAMSBURG,0
OHIO,DELAWARE,DELAWARE,261
OHIO,DELAWARE,GALENA,26
OHIO,DELAWARE,OSTRANDER,0
OHIO,DELAWARE,POWELL,21
OHIO,DELAWARE,SHAWNEE HILLS,4
OHIO,DELAWARE,SUNBURY,16
OHIO,FAYETTE,WASHINGTON COURT HOUSE,66
OHIO,HARDIN,ADA,9
OHIO,HARDIN,FOREST,2
OHIO,HARDIN,KENTON,37
OHIO,HARRISON,CADIZ,17
OHIO,HARRISON,JEWETT,0
OHIO,HARRISON,NEW ATHENS,0
OHIO,HOLMES,GLENMONT,0
OHIO,HOLMES,HOLMESVILLE,53
OHIO,HOLMES,MILLERSBURG,9
OHIO,KNOX,DANVILLE,0
OHIO,KNOX,FREDERICKTOWN,0
OHIO,KNOX,MOUNT VERNON,62
OHIO,KNOX,MT VERNON,33
OHIO,LAWRENCE,CHESAPEAKE,0
OHIO,LAWRENCE,COAL GROVE,1
OHIO,LAWRENCE,HANGING ROCK,0
OHIO,LAWRENCE,IRONTON,63
OHIO,LAWRENCE,SOUTH POINT,8
OHIO,MEIGS,MIDDLEPORT,7
OHIO,MEIGS,POMEROY,26
OHIO,MEIGS,RACINE,0
OHIO,MEIGS,RUTLAND,0
OHIO,MEIGS,SYRACUSE,0
OHIO,MERCER,CELINA,63
OHIO,MERCER,COLDWATER,9
OHIO,MERCER,FORT RECOVERY,2
OHIO,MERCER,ROCKFORD,0
OHIO,MERCER,SAINT HENRY,3
OHIO,MONROE,WOODSFIELD,34
OHIO,MORGAN,MCCONNELSVILLE,23
OHIO,PICKAWAY,ASHVILLE,0
OHIO,PICKAWAY,CIRCLEVILLE,112
OHIO,PICKAWAY,COMMERCIAL POINT,0
OHIO,PICKAWAY,NEW HOLLAND,0
OHIO,PICKAWAY,SOUTH BLOOMFIELD,0
OKLAHOMA,BLAINE,CANTON,3
OKLAHOMA,BLAINE,GEARY,12
OKLAHOMA,BLAINE,WATONGA,24
OKLAHOMA,CANADIAN,CONCHO,6
OKLAHOMA,CANADIAN,EL RENO,157
OKLAHOMA,CANADIAN,MUSTANG,33
OKLAHOMA,CANADIAN,PIEDMONT,11
OKLAHOMA,CANADIAN,UNION CITY,6
OKLAHOMA,CANADIAN,YUKON,61
OKLAHOMA,HARPER,BUFFALO,8
OKLAHOMA,LINCOLN,CARNEY,3
OKLAHOMA,LINCOLN,CHANDLER,45
OKLAHOMA,LINCOLN,DAVENPORT,1
OKLAHOMA,LINCOLN,MEEKER,6
OKLAHOMA,LINCOLN,PRAGUE,17
OKLAHOMA,LINCOLN,SPARKS,0
OKLAHOMA,LINCOLN,STROUD,25
OKLAHOMA,LINCOLN,TRYON,1
OKLAHOMA,MAYES,CHOUTEAU,9
OKLAHOMA,MAYES,LANGLEY,25
OKLAHOMA,MAYES,LOCUST GROVE,8
OKLAHOMA,MAYES,PRYOR,81
OKLAHOMA,MAYES,SALINA,5
OKLAHOMA,MURRAY,DAVIS,11
OKLAHOMA,MURRAY,SULPHUR,25
OKLAHOMA,NOBLE,PERRY,44
OKLAHOMA,NOBLE,RED ROCK,13
OKLAHOMA,NOWATA,NOWATA,25
OKLAHOMA,NOWATA,SO. COFFEYVILLE,7
OKLAHOMA,OTTAWA,COMMERCE,4
OKLAHOMA,OTTAWA,FAIRLAND,0
OKLAHOMA,OTTAWA,MIAMI,89
OKLAHOMA,OTTAWA,"MIAMI,",6
OKLAHOMA,OTTAWA,PICHER,13
OKLAHOMA,OTTAWA,WYANDOTTE,34
OKLAHOMA,PITTSBURG,HAILEYVILLE,3
OKLAHOMA,PITTSBURG,HARTSHORNE,5
OKLAHOMA,PITTSBURG,KIOWA,0
OKLAHOMA,PITTSBURG,KREBS,8
OKLAHOMA,PITTSBURG,"MC ALESTER,",1
OKLAHOMA,PITTSBURG,MCALESTER,74
OKLAHOMA,PITTSBURG,QUINTON,4
OKLAHOMA,PITTSBURG,SAVANNA,0
OKLAHOMA,PONTOTOC,ADA,143
OKLAHOMA,PONTOTOC,ALLEN,2
OKLAHOMA,PONTOTOC,STONEWALL,2
OKLAHOMA,SEMINOLE,KONAWA,6
OKLAHOMA,SEMINOLE,SEMINOLE,12
OKLAHOMA,SEMINOLE,"SEMINOLE,",2
OKLAHOMA,SEMINOLE,WEWOKA,57
OKLAHOMA,STEPHENS,COMANCHE,5
OKLAHOMA,STEPHENS,DUNCAN,100
OKLAHOMA,STEPHENS,MARLOW,16
OKLAHOMA,STEPHENS,VELMA,0
OREGON,DOUGLAS,MYRTLE CREEK,11
OREGON,DOUGLAS,REEDSPORT,16
OREGON,DOUGLAS,ROSEBURG,212
OREGON,DOUGLAS,SUTHERLIN,17
OREGON,DOUGLAS,WINSTON,9
OREGON,KLAMATH,KLAMATH FALLS,145
OREGON,KLAMATH,MALIN,7
OREGON,MULTNOMAH,GRESHAM,153
OREGON,MULTNOMAH,PORTLAND,2018
OREGON,POLK,DALLAS,85
OREGON,POLK,INDEPENDENCE,18
OREGON,POLK,MONMOUTH,13
OREGON,TILLAMOOK,MANZANITA,4
OREGON,TILLAMOOK,ROCKAWAY BEACH,4
OREGON,TILLAMOOK,TILLAMOOK,80
PENNSYLVANIA,BLAIR,ALTOONA,96
PENNSYLVANIA,BLAIR,BELLWOOD,1
PENNSYLVANIA,BLAIR,CLAYSBURG,4
PENNSYLVANIA,BLAIR,DUNCANSVILLE,13
PENNSYLVANIA,BLAIR,EAST FREEDOM,3
PENNSYLVANIA,BLAIR,HARRISBURG,0
PENNSYLVANIA,BLAIR,HOLLIDAYSBURG,39
PENNSYLVANIA,BLAIR,MARTINSBURG,2
PENNSYLVANIA,BLAIR,ROARING SPRING,3
PENNSYLVANIA,BLAIR,TYRONE,14
PENNSYLVANIA,BLAIR,WILLIAMSBURG,1
PENNSYLVANIA,BUCKS,BEDMINSTER,7
PENNSYLVANIA,BUCKS,BENSALEM,124
PENNSYLVANIA,BUCKS,BRISTOL,89
PENNSYLVANIA,BUCKS,BUCKINGHAM,22
PENNSYLVANIA,BUCKS,CHALFONT,13
PENNSYLVANIA,BUCKS,DOYLESTOWN,42
PENNSYLVANIA,BUCKS,DUBLIN,2
PENNSYLVANIA,BUCKS,FAIRLESS HILLS,60
PENNSYLVANIA,BUCKS,FEASTERVILLE TREVOSE,33
PENNSYLVANIA,BUCKS,HARRISBURG,0
PENNSYLVANIA,BUCKS,HILLTOWN,20
PENNSYLVANIA,BUCKS,HULMEVILLE,5
PENNSYLVANIA,BUCKS,JAMISON,18
PENNSYLVANIA,BUCKS,LANGHORNE,69
PENNSYLVANIA,BUCKS,MORRISVILLE,58
PENNSYLVANIA,BUCKS,NEW HOPE,11
PENNSYLVANIA,BUCKS,NEWTOWN,55
PENNSYLVANIA,BUCKS,PENNDEL BOROUGH,1
PENNSYLVANIA,BUCKS,PERKASIE,19
PENNSYLVANIA,BUCKS,PIPERSVILLE,5
PENNSYLVANIA,BUCKS,PLUMSTEADVILLE,18
PENNSYLVANIA,BUCKS,QUAKERTOWN,43
PENNSYLVANIA,BUCKS,RICHBORO,47
PENNSYLVANIA,BUCKS,SELLERSVILLE,15
PENNSYLVANIA,BUCKS,SOLEBURY,16
PENNSYLVANIA,BUCKS,SOUTHAMPTON,25
PENNSYLVANIA,BUCKS,UPPER BLACK EDDY,5
PENNSYLVANIA,BUCKS,WARMINSTER,50
PENNSYLVANIA,BUCKS,WARRINGTON,32
PENNSYLVANIA,BUTLER,BUTLER,86
PENNSYLVANIA,BUTLER,CALLERY,0
PENNSYLVANIA,BUTLER,CRANBERRY TWP,31
PENNSYLVANIA,BUTLER,HARMONY,2
PENNSYLVANIA,BUTLER,HARRISBURG,15
PENNSYLVANIA,BUTLER,HARRISVILLE,0
PENNSYLVANIA,BUTLER,MARS,12
PENNSYLVANIA,BUTLER,PORTERSVILLE,4
PENNSYLVANIA,BUTLER,PROSPECT,0
PENNSYLVANIA,BUTLER,SARVER,5
PENNSYLVANIA,BUTLER,SAXONBURG,1
PENNSYLVANIA,BUTLER,SLIPPERY ROCK,24
PENNSYLVANIA,BUTLER,VALENCIA,4
PENNSYLVANIA,BUTLER,ZELIENOPLE,20
PENNSYLVANIA,ELK,HARRISBURG,0
PENNSYLVANIA,ELK,JOHNSONBURG,4
PENNSYLVANIA,ELK,RIDGWAY,12
PENNSYLVANIA,ELK,SAINT MARYS,15
PENNSYLVANIA,INDIANA,BLAIRSVILLE,4
PENNSYLVANIA,INDIANA,CHERRY TREE,1
PENNSYLVANIA,INDIANA,CLYMER,1
PENNSYLVANIA,INDIANA,HARRISBUG,0
PENNSYLVANIA,INDIANA,HARRISBURG,0
PENNSYLVANIA,INDIANA,HOMER CITY,2
PENNSYLVANIA,INDIANA,INDIANA,74
PENNSYLVANIA,INDIANA,PA,0
PENNSYLVANIA,INDIANA,PENN RUN,2
PENNSYLVANIA,INDIANA,PHILADELPHIA,7995
PENNSYLVANIA,INDIANA,SALTSBURG,1
PENNSYLVANIA,JEFFERSON,BROCKWAY,3
PENNSYLVANIA,JEFFERSON,BROOKVILLE,16
PENNSYLVANIA,JEFFERSON,FALLS CREEK,0
PENNSYLVANIA,JEFFERSON,HARRISBURG,0
PENNSYLVANIA,JEFFERSON,PUNXSUTAWNEY,12
PENNSYLVANIA,JEFFERSON,REYNOLDSVILLE,2
PENNSYLVANIA,JEFFERSON,SIGEL,0
PENNSYLVANIA,JEFFERSON,SYKESVILLE,1
PENNSYLVANIA,LAWRENCE,BESSEMER,1
PENNSYLVANIA,LAWRENCE,ELLWOOD CITY,12
PENNSYLVANIA,LAWRENCE,ENON VALLEY,0
PENNSYLVANIA,LAWRENCE,HARRISBURG,0
PENNSYLVANIA,LAWRENCE,HILLSVILLE,2
PENNSYLVANIA,LAWRENCE,NEW CASTLE,90
PENNSYLVANIA,LAWRENCE,NEW GALILEE,0
PENNSYLVANIA,LAWRENCE,NEW WILMINGTON,5
PENNSYLVANIA,LAWRENCE,PULASKI,2
PENNSYLVANIA,LAWRENCE,WAMPUM,0
PENNSYLVANIA,LUZERNE,AVOCA,2
PENNSYLVANIA,LUZERNE,BENTON,2
PENNSYLVANIA,LUZERNE,BERWICK,5
PENNSYLVANIA,LUZERNE,CONYNGHAM,3
PENNSYLVANIA,LUZERNE,COURTDALE,1
PENNSYLVANIA,LUZERNE,DALLAS,14
PENNSYLVANIA,LUZERNE,DRUMS,11
PENNSYLVANIA,LUZERNE,DUPONT,1
PENNSYLVANIA,LUZERNE,DURYEA,4
PENNSYLVANIA,LUZERNE,EDWARDSVILLE,13
PENNSYLVANIA,LUZERNE,EXETER,5
PENNSYLVANIA,LUZERNE,FORTY FORT,4
PENNSYLVANIA,LUZERNE,FREELAND,5
PENNSYLVANIA,LUZERNE,HARRISBURG,16
PENNSYLVANIA,LUZERNE,HARVEYS LAKE,3
PENNSYLVANIA,LUZERNE,HAZLETON,50
PENNSYLVANIA,LUZERNE,KINGSTON,21
PENNSYLVANIA,LUZERNE,LARKSVILLE,4
PENNSYLVANIA,LUZERNE,LEHMAN,4
PENNSYLVANIA,LUZERNE,MOUNTAIN TOP,19
PENNSYLVANIA,LUZERNE,NANTICOKE,17
PENNSYLVANIA,LUZERNE,NESCOPECK,1
PENNSYLVANIA,LUZERNE,PITTSTON,16
PENNSYLVANIA,LUZERNE,PLYMOUTH,4
PENNSYLVANIA,LUZERNE,PRINGLE,20
PENNSYLVANIA,LUZERNE,SHAVERTOWN,13
PENNSYLVANIA,LUZERNE,SUGAR NOTCH,7
PENNSYLVANIA,LUZERNE,SWOYERSVILLE,5
PENNSYLVANIA,LUZERNE,SYBERTSVILLE,5
PENNSYLVANIA,LUZERNE,WEST WYOMING,2
PENNSYLVANIA,LUZERNE,WHITE HAVEN,2
PENNSYLVANIA,LUZERNE,WILKES BARRE,156
PENNSYLVANIA,LUZERNE,WYOMING,5
PENNSYLVANIA,MERCER,GREENVILLE,23
PENNSYLVANIA,MERCER,GROVE CITY,12
PENNSYLVANIA,MERCER,HARRISBURG,0
PENNSYLVANIA,MERCER,HERMITAGE,32
PENNSYLVANIA,MERCER,JAMESTOWN,1
PENNSYLVANIA,MERCER,MERCER,25
PENNSYLVANIA,MERCER,SANDY LAKE,3
PENNSYLVANIA,MERCER,SHARON,38
PENNSYLVANIA,MERCER,SHARPSVILLE,9
PENNSYLVANIA,MERCER,STONEBORO,1
PENNSYLVANIA,MERCER,TRANSFER,7
PENNSYLVANIA,MERCER,WEST MIDDLESEX,7
PENNSYLVANIA,MIFFLIN,HARRISBURG,0
PENNSYLVANIA,MIFFLIN,LEWISTOWN,25
PENNSYLVANIA,MIFFLIN,MILROY,6
PENNSYLVANIA,MIFFLIN,YEAGERTOWN,14
PENNSYLVANIA,NORTHAMPTON,BANGOR,17
PENNSYLVANIA,NORTHAMPTON,BATH,11
PENNSYLVANIA,NORTHAMPTON,BETHLEHEM,229
PENNSYLVANIA,NORTHAMPTON,CATASAUQUA,5
PENNSYLVANIA,NORTHAMPTON,EASTON,137
PENNSYLVANIA,NORTHAMPTON,EON,66
PENNSYLVANIA,NORTHAMPTON,HARRISBURG,0
PENNSYLVANIA,NORTHAMPTON,HELLERTOWN,11
PENNSYLVANIA,NORTHAMPTON,NAZARETH,30
PENNSYLVANIA,NORTHAMPTON,NORTHAMPTON,14
PENNSYLVANIA,NORTHAMPTON,PORTLAND,2
PENNSYLVANIA,NORTHAMPTON,ROESTO,0
PENNSYLVANIA,NORTHAMPTON,STOCKERTOWN,0
PENNSYLVANIA,NORTHAMPTON,TATAMY,1
PENNSYLVANIA,NORTHAMPTON,WALNUTPORT,16
PENNSYLVANIA,NORTHAMPTON,WIND GAP,1
PENNSYLVANIA,POTTER,COUDERSPORT,5
PENNSYLVANIA,POTTER,GALETON,4
PENNSYLVANIA,POTTER,HARRISBURG,0
PENNSYLVANIA,POTTER,SHINGLEHOUSE,1
PENNSYLVANIA,TIOGA,BLOSSBURG,2
PENNSYLVANIA,TIOGA,ELKLAND,2
PENNSYLVANIA,TIOGA,GAINES,0
PENNSYLVANIA,TIOGA,HARRISBURG,0
PENNSYLVANIA,TIOGA,LAWRENCEVILLE,0
PENNSYLVANIA,TIOGA,MANSFIELD,16
PENNSYLVANIA,TIOGA,TIOGA,0
PENNSYLVANIA,TIOGA,WELLSBORO,21
PENNSYLVANIA,TIOGA,WESTFIELD,2
PENNSYLVANIA,WARREN,CLARENDON,2
PENNSYLVANIA,WARREN,HARRISBURG,0
PENNSYLVANIA,WARREN,TIDIOUTE,1
PENNSYLVANIA,WARREN,WARREN,37
PENNSYLVANIA,WARREN,YOUNGSVILLE,2
PENNSYLVANIA,WASHINGTON,AVELLA,0
PENNSYLVANIA,WASHINGTON,BEALLSVILLE,0
PENNSYLVANIA,WASHINGTON,BELLE VERNON,4
PENNSYLVANIA,WASHINGTON,BENTLEYVILLE,2
PENNSYLVANIA,WASHINGTON,BROWNSVILLE,2
PENNSYLVANIA,WASHINGTON,BURGETTSTOWN,0
PENNSYLVANIA,WASHINGTON,CALIFORNIA,29
PENNSYLVANIA,WASHINGTON,CANONSBURG,60
PENNSYLVANIA,WASHINGTON,CECIL,20
PENNSYLVANIA,WASHINGTON,CLAYSVILLE,3
PENNSYLVANIA,WASHINGTON,CROSS FORK,5
PENNSYLVANIA,WASHINGTON,DAISYTOWN,1
PENNSYLVANIA,WASHINGTON,DONORA,6
PENNSYLVANIA,WASHINGTON,FREDERICKTOWN,1
PENNSYLVANIA,WASHINGTON,HARRISBURG,0
PENNSYLVANIA,WASHINGTON,HICKORY,4
PENNSYLVANIA,WASHINGTON,HOUSTON,13
PENNSYLVANIA,WASHINGTON,MC DONALD,0
PENNSYLVANIA,WASHINGTON,MCDONALD,5
PENNSYLVANIA,WASHINGTON,MIDWAY,0
PENNSYLVANIA,WASHINGTON,MONONGAHELA,13
PENNSYLVANIA,WASHINGTON,SLOVAN,4
PENNSYLVANIA,WASHINGTON,STOCKDALE,0
PENNSYLVANIA,WASHINGTON,WASHINGTON,93
PENNSYLVANIA,WASHINGTON,WEST BROWNSVILLE,2
RHODE ISLAND,BRISTOL,BARRINGTON,30
RHODE ISLAND,BRISTOL,BRISTOL,48
RHODE ISLAND,BRISTOL,WARREN,27
RHODE ISLAND,KENT,COVENTRY,69
RHODE ISLAND,KENT,EAST GREENWICH,42
RHODE ISLAND,KENT,WARWICK,252
RHODE ISLAND,KENT,WEST GREENWICH,17
RHODE ISLAND,KENT,WEST WARWICK,63
SOUTH CAROLINA,CALHOUN,BLYTHEWOOD,0
SOUTH CAROLINA,CALHOUN,CAMERON,1
SOUTH CAROLINA,CALHOUN,COLUMBIA,3
SOUTH CAROLINA,CALHOUN,SAINT MATTHEWS,42
SOUTH CAROLINA,CALHOUN,ST. MATTHEWS,8
SOUTH CAROLINA,COLLETON,BLYTHEWOOD,3
SOUTH CAROLINA,COLLETON,COLUMBIA,3
SOUTH CAROLINA,COLLETON,COTTAGEVILLE,6
SOUTH CAROLINA,COLLETON,EDISTO BEACH,7
SOUTH CAROLINA,COLLETON,WALTERBORO,154
SOUTH CAROLINA,DARLINGTON,BLYTHEWOOD,3
SOUTH CAROLINA,DARLINGTON,COLUMBIA,5
SOUTH CAROLINA,DARLINGTON,DARLINGTON,164
SOUTH CAROLINA,DARLINGTON,HARTSVILLE,50
SOUTH CAROLINA,DARLINGTON,LAMAR,4
SOUTH CAROLINA,DARLINGTON,SOCIETY HILL,1
SOUTH CAROLINA,LAURENS,BLYTHEWOOD,1
SOUTH CAROLINA,LAURENS,CLINTON,49
SOUTH CAROLINA,LAURENS,COLUMBIA,4
SOUTH CAROLINA,LAURENS,LAURENS,112
SOUTH CAROLINA,LEE,BISHOPVILLE,54
SOUTH CAROLINA,LEE,BLYTHEWOOD,0
SOUTH CAROLINA,LEE,COLUMBIA,3
SOUTH CAROLINA,MARLBORO,BENNETTSVILLE,68
SOUTH CAROLINA,MARLBORO,BLYTHEWOOD,0
SOUTH CAROLINA,MARLBORO,CLIO,2
SOUTH CAROLINA,MARLBORO,COLUMBIA,4
SOUTH CAROLINA,MARLBORO,MCCOLL,7
SOUTH CAROLINA,NEWBERRY,BLYTHEWOOD,3
SOUTH CAROLINA,NEWBERRY,COLUMBIA,5
SOUTH CAROLINA,NEWBERRY,NEWBERRY,147
SOUTH CAROLINA,NEWBERRY,PROSPERITY,3
SOUTH CAROLINA,NEWBERRY,WHITMIRE,7
SOUTH DAKOTA,BUFFALO,FORT THOMPSON,13
SOUTH DAKOTA,BUFFALO,GANN VALLEY,1
SOUTH DAKOTA,CHARLES MIX,LAKE ANDES,20
SOUTH DAKOTA,CHARLES MIX,PLATTE,2
SOUTH DAKOTA,CHARLES MIX,WAGNER,20
SOUTH DAKOTA,DEUEL,CLEAR LAKE,6
SOUTH DAKOTA,DOUGLAS,ARMOUR,4
SOUTH DAKOTA,EDMUNDS,IPSWICH,4
SOUTH DAKOTA,HAND,MILLER,7
SOUTH DAKOTA,KINGSBURY,DE SMET,6
SOUTH DAKOTA,LAKE,MADISON,25
SOUTH DAKOTA,MEADE,BLACKHAWK,3
SOUTH DAKOTA,MEADE,FAITH,2
SOUTH DAKOTA,MEADE,STURGIS,63
SOUTH DAKOTA,MELLETTE,WHITE RIVER,5
SOUTH DAKOTA,ROBERTS,AGENCY VILLAGE,17
SOUTH DAKOTA,ROBERTS,ROSHOLT,1
SOUTH DAKOTA,ROBERTS,SISSETON,41
SOUTH DAKOTA,TURNER,CENTERVILLE,1
SOUTH DAKOTA,TURNER,PARKER,10
SOUTH DAKOTA,TURNER,VIBORG,1
TENNESSEE,BEDFORD,SHELBYVILLE,144
TENNESSEE,BEDFORD,WARTRACE,2
TENNESSEE,CANNON,WOODBURY,45
TENNESSEE,DYER,DYERSBURG,151
TENNESSEE,DYER,NEWBERN,21
TENNESSEE,DYER,TRIMBLE,1
TENNESSEE,GREENE,BAILEYTON,2
TENNESSEE,GREENE,GREENEVILLE,215
TENNESSEE,GREENE,LIMESTONE,2
TENNESSEE,HANCOCK,SNEEDVILLE,35
TENNESSEE,HICKMAN,CENTERVILLE,70
TENNESSEE,HUMPHREYS,MCEWEN,5
TENNESSEE,HUMPHREYS,NEW JOHNSONVILLE,8
TENNESSEE,HUMPHREYS,WAVERLY,53
TENNESSEE,LOUDON,LENOIR CITY,102
TENNESSEE,LOUDON,LOUDON,15
TENNESSEE,MORGAN,SUNBRIGHT,2
TENNESSEE,MORGAN,WARTBURG,52
TENNESSEE,PERRY,LINDEN,32
TENNESSEE,PICKETT,BYRDSTOWN,12
TENNESSEE,PICKETT,JAMESTOWN,4
TENNESSEE,ROBERTSON,CROSS PLAINS,2
TENNESSEE,ROBERTSON,GREENBRIER,15
TENNESSEE,ROBERTSON,RIDGETOP,6
TENNESSEE,ROBERTSON,SPRINGFIELD,195
TENNESSEE,SEVIER,GATLINBURG,53
TENNESSEE,SEVIER,PIGEON FORGE,69
TENNESSEE,SEVIER,SEVIERVILLE,281
TENNESSEE,SMITH,CARTHAGE,70
TENNESSEE,SMITH,GORDONSVILLE,6
TENNESSEE,SMITH,SOUTH CARTHAGE,4
TENNESSEE,STEWART,CUMBERLAND CITY,2
TENNESSEE,STEWART,DOVER,56
TENNESSEE,UNION,LUTTRELL,1
TENNESSEE,UNION,MAYNARDVILLE,59
TENNESSEE,WEAKLEY,DRESDEN,54
TENNESSEE,WEAKLEY,GLEASON,5
TENNESSEE,WEAKLEY,GREENFIELD,7
TENNESSEE,WEAKLEY,MARTIN,53
TENNESSEE,WEAKLEY,SHARON,1
TEXAS,ANGELINA,DIBOLL,19
TEXAS,ANGELINA,HUDSON,0
TEXAS,ANGELINA,HUNTINGTON,6
TEXAS,ANGELINA,LUFKIN,211
TEXAS,ARMSTRONG,CLAUDE,8
TEXAS,AUSTIN,BELLVILLE,83
TEXAS,AUSTIN,SEALY,21
TEXAS,AUSTIN,WALLIS,6
TEXAS,BAILEY,MULESHOE,22
TEXAS,BAYLOR,SEYMOUR,14
TEXAS,CARSON,PANHANDLE,16
TEXAS,CHILDRESS,CHILDRESS,35
TEXAS,COLLIN,ALLEN,179
TEXAS,COLLIN,ANNA,16
TEXAS,COLLIN,CELINA,17
TEXAS,COLLIN,FAIRVIEW,15
TEXAS,COLLIN,FARMERSVILLE,12
TEXAS,COLLIN,FRISCO,247
TEXAS,COLLIN,JOSEPHINE,0
TEXAS,COLLIN,LAVON,10
TEXAS,COLLIN,MCKINNEY,704
TEXAS,COLLIN,MELISSA,11
TEXAS,COLLIN,MURPHY,34
TEXAS,COLLIN,PARKER,8
TEXAS,COLLIN,PLANO,512
TEXAS,COLLIN,PRINCETON,14
TEXAS,COLLIN,PROSPER,28
TEXAS,COLLIN,WYLIE,66
TEXAS,CONCHO,PAINT ROCK,12
TEXAS,DELTA,COOPER,23
TEXAS,DICKENS,DICKENS,7
TEXAS,DICKENS,SPUR,2
TEXAS,EASTLAND,CISCO,11
TEXAS,EASTLAND,EASTLAND,43
TEXAS,EASTLAND,GORMAN,2
TEXAS,EASTLAND,RANGER,6
TEXAS,EASTLAND,RISING STAR,0
TEXAS,ECTOR,ODESSA,504
TEXAS,FALLS,LOTT,0
TEXAS,FALLS,MARLIN,42
TEXAS,FALLS,ROSEBUD,3
TEXAS,GAINES,SEAGRAVES,7
TEXAS,GAINES,SEMINOLE,51
TEXAS,GILLESPIE,FREDERICKSBURG,85
TEXAS,GREGG,GLADEWATER,20
TEXAS,GREGG,KILGORE,49
TEXAS,GREGG,LONGVIEW,442
TEXAS,GREGG,WHITE OAK,20
TEXAS,HALE,ABERNATHY,5
TEXAS,HALE,HALE CENTER,4
TEXAS,HALE,PLAINVIEW,109
TEXAS,HANSFORD,SPEARMAN,17
TEXAS,HOPKINS,CUMBY,3
TEXAS,HOPKINS,SULPHUR SPRINGS,104
TEXAS,HUNT,CADDO MILLS,5
TEXAS,HUNT,COMMERCE,54
TEXAS,HUNT,GREENVILLE,212
TEXAS,HUNT,QUINLAN,7
TEXAS,HUNT,WEST TAWAKONI,6
TEXAS,HUNT,WOLFE CITY,3
TEXAS,JACK,JACKSBORO,38
TEXAS,JEFFERSON,BEAUMONT,811
TEXAS,JEFFERSON,GROVES,21
TEXAS,JEFFERSON,NEDERLAND,38
TEXAS,JEFFERSON,PORT ARTHUR,148
TEXAS,JEFFERSON,PORT NECHES,22
TEXAS,JIM HOGG,HEBBRONVILLE,36
TEXAS,JONES,ANSON,32
TEXAS,JONES,HAMLIN,8
TEXAS,JONES,HAWLEY,1
TEXAS,JONES,STAMFORD,7
TEXAS,KERR,INGRAM,7
TEXAS,KERR,KERRVILLE,162
TEXAS,LA SALLE,COTULLA,139
TEXAS,LA SALLE,ENCINAL,0
TEXAS,LAMB,LITTLEFIELD,51
TEXAS,LAMB,OLTON,5
TEXAS,LAMB,SUDAN,0
TEXAS,LAMPASAS,KEMPNER,0
TEXAS,LAMPASAS,LAMPASAS,68
TEXAS,LAMPASAS,LOMETA,0
TEXAS,LEON,CENTERVILLE,46
TEXAS,LEON,JEWETT,0
TEXAS,LEON,NORMANGEE,1
TEXAS,LOVING,MENTONE,5
TEXAS,MADISON,MADISONVILLE,46
TEXAS,MAVERICK,EAGLE PASS,173
TEXAS,MITCHELL,COLORADO CITY,33
TEXAS,NACOGDOCHES,NACOGDOCHES,222
TEXAS,OLDHAM,VEGA,11
TEXAS,PECOS,FORT STOCKTON,63
TEXAS,REFUGIO,REFUGIO,46
TEXAS,ROCKWALL,HEATH,20
TEXAS,ROCKWALL,ROCKWALL,208
TEXAS,ROCKWALL,ROYSE CITY,17
TEXAS,SAN SABA,SAN SABA,15
TEXAS,SCURRY,SNYDER,61
TEXAS,SHACKELFORD,ALBANY,12
TEXAS,SUTTON,SONORA,21
TEXAS,THROCKMORTON,THROCKMORTON,6
TEXAS,VICTORIA,VICTORIA,346
TEXAS,WALKER,HUNTSVILLE,148
TEXAS,WILSON,FLORESVILLE,102
TEXAS,WILSON,LA VERNIA,7
TEXAS,WILSON,POTH,1
TEXAS,WINKLER,KERMIT,49
TEXAS,WINKLER,WINK,2
UTAH,CACHE,LOGAN,255
UTAH,CACHE,NORTH LOGAN,12
UTAH,CACHE,SMITHFIELD,12
UTAH,CARBON,EAST CARBON,3
UTAH,CARBON,HELPER,6
UTAH,CARBON,PRICE,76
UTAH,CARBON,WELLINGTON,2
UTAH,PIUTE,JUNCTION,5
VERMONT,BENNINGTON,BENNINGTON,46
VERMONT,BENNINGTON,BONDVILLE,7
VERMONT,BENNINGTON,MANCHESTER,12
VERMONT,BENNINGTON,SHAFTSBURY,16
VERMONT,FRANKLIN,SAINT ALBANS,9
VERMONT,FRANKLIN,SAINT ALBANS BAY,31
VERMONT,FRANKLIN,ST. ALBANS,28
VERMONT,FRANKLIN,SWANTON,7
VERMONT,GRAND ISLE,NORTH HERO,1
VERMONT,WASHINGTON,BARRE,27
VERMONT,WASHINGTON,BERLIN,8
VERMONT,WASHINGTON,MIDDLESEX,23
VERMONT,WASHINGTON,MONTPELIER,113
VERMONT,WASHINGTON,NORTHFIELD,7
VERMONT,WASHINGTON,WATERBURY,103
VERMONT,WASHINGTON,WEBSTERVILLE,7
VERMONT,WINDHAM,BELLOWS FALLS,11
VERMONT,WINDHAM,BRATTLEBORO,37
VERMONT,WINDHAM,NEWFANE,18
VERMONT,WINDHAM,WEST DOVER,7
VERMONT,WINDHAM,WILMINGTON,8
VIRGINIA,ALLEGHANY,CLIFTON FORGE,12
VIRGINIA,ALLEGHANY,COVINGTON,65
VIRGINIA,APPOMATTOX,APPOMATTOX,23
VIRGINIA,ARLINGTON,ARLINGTON,732
VIRGINIA,BLAND,BLAND,18
VIRGINIA,BLAND,WYTHEVILLE,0
VIRGINIA,BOTETOURT,FINCASTLE,119
VIRGINIA,BOTETOURT,NATURAL BRIDGE,0
VIRGINIA,BRUNSWICK,EMPORIA,0
VIRGINIA,BRUNSWICK,LAWRENCEVILLE,44
VIRGINIA,CARROLL,GALAX,0
VIRGINIA,CARROLL,HILLSVILLE,56
VIRGINIA,CHARLES CITY,CHARLES CITY,16
VIRGINIA,CHARLES CITY,WEST POINT,0
VIRGINIA,FRANKLIN,BEDFORD,0
VIRGINIA,FRANKLIN,FERRUM,8
VIRGINIA,FRANKLIN,ROCKY MOUNT,117
VIRGINIA,GLOUCESTER,GLOUCESTER,98
VIRGINIA,LOUISA,LOUISA,70
VIRGINIA,LOUISA,MINERAL,0
VIRGINIA,LUNENBURG,KENBRIDGE,5
VIRGINIA,LUNENBURG,LUNENBURG,19
VIRGINIA,LUNENBURG,SOUTH HILL,0
VIRGINIA,LUNENBURG,VICTORIA,4
VIRGINIA,RICHMOND,RICHMOND,21
VIRGINIA,RICHMOND,WARSAW,27
VIRGINIA,ROANOKE,ROANOKE,155
VIRGINIA,ROANOKE,SALEM,0
VIRGINIA,ROANOKE,VINTON,25
VIRGINIA,RUSSELL,HONAKER,4
VIRGINIA,RUSSELL,LEBANON,63
VIRGINIA,RUSSELL,POUNDING MILL,0
VIRGINIA,WASHINGTON,ABINGDON,108
VIRGINIA,WASHINGTON,DAMASCUS,4
VIRGINIA,WASHINGTON,GLADE SPRING,3
VIRGINIA,WISE,APPALACHIA,5
VIRGINIA,WISE,BIG STONE GAP,14
VIRGINIA,WISE,COEBURN,8
VIRGINIA,WISE,POUND,5
VIRGINIA,WISE,ST. PAUL,6
VIRGINIA,WISE,WISE,88
VIRGINIA,WYTHE,RURAL RETREAT,1
VIRGINIA,WYTHE,WYTHEVILLE,85
VIRGINIA,YORK,WILLIAMSBURG,0
VIRGINIA,YORK,YORKTOWN,94
WASHINGTON,ADAMS,OTHELLO,21
WASHINGTON,ADAMS,RITZVILLE,39
WASHINGTON,ASOTIN,ASOTIN,33
WASHINGTON,ASOTIN,CLARKSTON,15
WASHINGTON,CLALLAM,FORKS,12
WASHINGTON,CLALLAM,LA PUSH,4
WASHINGTON,CLALLAM,NEAH BAY,15
WASHINGTON,CLALLAM,PORT ANGELES,101
WASHINGTON,CLALLAM,SEQUIM,63
WASHINGTON,KING,ALGONA,7
WASHINGTON,KING,AUBURN,128
WASHINGTON,KING,BELLEVUE,215
WASHINGTON,KING,BLACK DIAMOND,9
WASHINGTON,KING,BOTHELL,84
WASHINGTON,KING,CARNATION,3
WASHINGTON,KING,CLYDE HILL,9
WASHINGTON,KING,COVINGTON,24
WASHINGTON,KING,DES MOINES,43
WASHINGTON,KING,DUVALL,13
WASHINGTON,KING,ENUMCLAW,30
WASHINGTON,KING,FEDERAL WAY,159
WASHINGTON,KING,ISSAQUAH,61
WASHINGTON,KING,KENMORE,18
WASHINGTON,KING,KENT,188
WASHINGTON,KING,KIRKLAND,130
WASHINGTON,KING,LAKE FOREST PARK,23
WASHINGTON,KING,MAPLE VALLEY,24
WASHINGTON,KING,MEDINA,9
WASHINGTON,KING,MERCER ISLAND,35
WASHINGTON,KING,NEWCASTLE,12
WASHINGTON,KING,NORMANDY PARK,7
WASHINGTON,KING,NORTH BEND,0
WASHINGTON,KING,PACIFIC,14
WASHINGTON,KING,REDMOND,123
WASHINGTON,KING,RENTON,146
WASHINGTON,KING,SAMMAMISH,40
WASHINGTON,KING,SEATTLE,2623
WASHINGTON,KING,SHORELINE,73
WASHINGTON,KING,SNOQUALMIE,25
WASHINGTON,KING,TUKWILA,94
WASHINGTON,LEWIS,CENTRALIA,36
WASHINGTON,LEWIS,CHEHALIS,72
WASHINGTON,LEWIS,MORTON,3
WASHINGTON,LEWIS,MOSSYROCK,0
WASHINGTON,LEWIS,NAPAVINE,2
WASHINGTON,LEWIS,PE ELL,1
WASHINGTON,LEWIS,TOLEDO,5
WASHINGTON,LEWIS,WINLOCK,0
WASHINGTON,LINCOLN,DAVENPORT,24
WASHINGTON,LINCOLN,ODESSA,2
WASHINGTON,LINCOLN,REARDAN,1
WASHINGTON,PEND OREILLE,NEWPORT,34
WASHINGTON,PEND OREILLE,USK,18
WASHINGTON,SAN JUAN,FRIDAY HARBOR,32
WASHINGTON,SKAMANIA,STEVENSON,20
WASHINGTON,WALLA WALLA,COLLEGE PLACE,13
WASHINGTON,WALLA WALLA,WALLA WALLA,104
WEST VIRGINIA,BARBOUR,BELINGTON,3
WEST VIRGINIA,BARBOUR,CHARLESTON,0
WEST VIRGINIA,BARBOUR,FARMINGTON,1
WEST VIRGINIA,BARBOUR,PHILIPPI,21
WEST VIRGINIA,BROOKE,BEECH BOTTOM,0
WEST VIRGINIA,BROOKE,BETHANY,1
WEST VIRGINIA,BROOKE,CHARLESTON,0
WEST VIRGINIA,BROOKE,FARMINGTON,1
WEST VIRGINIA,BROOKE,FOLLANSBEE,7
WEST VIRGINIA,BROOKE,WELLSBURG,40
WEST VIRGINIA,BROOKE,WINDSOR HEIGHTS,0
WEST VIRGINIA,CABELL,BARBOURSVILLE,22
WEST VIRGINIA,CABELL,CHARLESTON,0
WEST VIRGINIA,CABELL,HUNTINGTON,224
WEST VIRGINIA,CABELL,MILTON,8
WEST VIRGINIA,CABELL,NITRO,3
WEST VIRGINIA,LOGAN,CHAPMANVILLE,3
WEST VIRGINIA,LOGAN,CHARLESTON,0
WEST VIRGINIA,LOGAN,LOGAN,61
WEST VIRGINIA,LOGAN,MAN,3
WEST VIRGINIA,LOGAN,NITRO,2
WEST VIRGINIA,LOGAN,WEST LOGAN,1
WEST VIRGINIA,MINERAL,CHARLESTON,0
WEST VIRGINIA,MINERAL,KEYSER,47
WEST VIRGINIA,MINERAL,PIEDMONT,1
WEST VIRGINIA,MINERAL,RIDGELEY,2
WEST VIRGINIA,MINERAL,ROMNEY,1
WEST VIRGINIA,MINGO,CHARLESTON,0
WEST VIRGINIA,MINGO,DELBARTON,3
WEST VIRGINIA,MINGO,GILBERT,2
WEST VIRGINIA,MINGO,KERMIT,1
WEST VIRGINIA,MINGO,MATEWAN,1
WEST VIRGINIA,MINGO,NITRO,2
WEST VIRGINIA,MINGO,WILLIAMSON,51
WEST VIRGINIA,MONROE,BECKLEY,1
WEST VIRGINIA,MONROE,CHARLESTON,0
WEST VIRGINIA,MONROE,UNION,14
WEST VIRGINIA,OHIO,FARMINGTON,1
WEST VIRGINIA,OHIO,TRIADELPHIA,1
WEST VIRGINIA,OHIO,WEST LIBERTY,5
WEST VIRGINIA,OHIO,WHEELING,130
WEST VIRGINIA,PENDLETON,CHARLESTON,0
WEST VIRGINIA,PENDLETON,FRANKLIN,9
WEST VIRGINIA,PENDLETON,ROMNEY,2
WEST VIRGINIA,TYLER,CHARLESTON,0
WEST VIRGINIA,TYLER,MIDDLEBOURNE,11
WEST VIRGINIA,TYLER,NEW MARTINSVILLE,5
WEST VIRGINIA,TYLER,PARKERSBURG,1
WEST VIRGINIA,TYLER,SISTERSVILLE,4
WEST VIRGINIA,UPSHUR,BUCKHANNON,34
WEST VIRGINIA,UPSHUR,CHARLESTON,0
WEST VIRGINIA,UPSHUR,ELKINS,4
WEST VIRGINIA,WEBSTER,CAMDEN-ON-GAULEY,1
WEST VIRGINIA,WEBSTER,CHARLESTON,0
WEST VIRGINIA,WEBSTER,ELKINS,1
WEST VIRGINIA,WEBSTER,UPPERGLADE,8
WEST VIRGINIA,WEBSTER,WEBSTER SPRINGS,10
WISCONSIN,BARRON,BARRON,74
WISCONSIN,BARRON,CHETEK,6
WISCONSIN,BARRON,CUMBERLAND,5
WISCONSIN,BARRON,RICE LAKE,17
WISCONSIN,BROWN,ASHWAUBENON,60
WISCONSIN,BROWN,DE PERE,39
WISCONSIN,BROWN,GREEN BAY,559
WISCONSIN,BROWN,HOBART,9
WISCONSIN,BROWN,ONEIDA,29
WISCONSIN,BROWN,PULASKI,8
WISCONSIN,COLUMBIA,COLUMBUS,12
WISCONSIN,COLUMBIA,FALL RIVER,2
WISCONSIN,COLUMBIA,LODI,6
WISCONSIN,COLUMBIA,PORTAGE,135
WISCONSIN,COLUMBIA,POYNETTE,5
WISCONSIN,COLUMBIA,RIO,2
WISCONSIN,COLUMBIA,WISCONSIN DELLS,19
WISCONSIN,DODGE,BEAVER DAM,35
WISCONSIN,DODGE,BROWNSVILLE,0
WISCONSIN,DODGE,FOX LAKE,3
WISCONSIN,DODGE,HORICON,8
WISCONSIN,DODGE,IRON RIDGE,1
WISCONSIN,DODGE,JUNEAU,174
WISCONSIN,DODGE,LOMIRA,4
WISCONSIN,DODGE,MAYVILLE,9
WISCONSIN,DODGE,THERESA,2
WISCONSIN,DODGE,WAUPUN,16
WISCONSIN,GREEN,ALBANY,3
WISCONSIN,GREEN,BRODHEAD,12
WISCONSIN,GREEN,MONROE,80
WISCONSIN,GREEN,NEW GLARUS,4
WISCONSIN,JACKSON,BLACK RIVER FALLS,59
WISCONSIN,ROCK,BELOIT,89
WISCONSIN,ROCK,CLINTON,5
WISCONSIN,ROCK,EDGERTON,11
WISCONSIN,ROCK,EVANSVILLE,10
WISCONSIN,ROCK,JANESVILLE,316
WISCONSIN,ROCK,MILTON,13
WISCONSIN,SAWYER,HAYWARD,56
WISCONSIN,TAYLOR,CLEVELAND,3
WISCONSIN,TAYLOR,GILMAN,2
WISCONSIN,TAYLOR,MEDFORD,49
WISCONSIN,TAYLOR,RIB LAKE,1
WISCONSIN,VILAS,EAGLE RIVER,76
WISCONSIN,VILAS,LAC DU FLAMBEAU,15
WYOMING,CARBON,BAGGS,1
WYOMING,CARBON,HANNA,1
WYOMING,CARBON,RAWLINS,61
WYOMING,CARBON,SARATOGA,9
WYOMING,FREMONT,FORT WASHAKIE,27
WYOMING,FREMONT,LANDER,56
WYOMING,FREMONT,RIVERTON,41
WYOMING,LARAMIE,CHEYENNE,565
WYOMING,LARAMIE,PINE BLUFFS,1
WYOMING,SUBLETTE,PINEDALE,32
WYOMING,UINTA,EVANSTON,78
WYOMING,WASHAKIE,WORLAND,27
